id;code;name;category_id;price;image;tax;cost;tax_method;quantity;barcode_symbology;type;details;alert_quantity
1;250075800005;BL05;8;25;;0;;1;1;ean13;standard;2 BLUSA ESTAMPA 8;20
2;360125800014;BL14;7;80;;0;;1;1;ean13;standard;1 VESTIDO LISO 7;20
3;226065800020;BL20;8;30;;0;;1;49;ean13;standard;2 BLUSA LISA OMBRO ALTERNADO 8;20
4;370107700001;BS01;7;60;;0;;1;9;ean13;standard;2 CALÇA 7;20
5;370107700002;BS02;7;60;;0;;1;3;ean13;standard;2 CALÇA 7;20
6;370107700005;BS05;7;60;;0;;1;5;ean13;standard;1 CALÇA 7;20
7;350117700006;BS06;7;60;;0;;1;24;ean13;standard;1 CALÇA 7;20
8;370117700007;BS07;7;60;;0;;1;3;ean13;standard;1 CALÇA LISA 7;20
9;351067700020;BS20;8;70;;0;;1;4;ean13;standard;2 VESTIDO LISO ALÇA FINA 8;20
10;462067700021;BS21;8;85;;0;;1;5;ean13;standard;2 MACACÃO FLARE 8;20
11;170067700022;BS22;8;35;;0;;1;9;ean13;standard;2 BLUSA LISA MANGA CURTA 8;20
12;212067700023;BS23;8;40;;0;;1;23;ean13;standard;2 BLUSA LISA CORTE V 8;20
13;172067700024;BS24;8;30;;0;;1;75;ean13;standard;2 BLUSA LISA MANGA CURTA CORTE V 8;20
14;445067700025;BS25;8;85;;0;;1;33;ean13;standard;2 MACACÃO LISO MANGA CURTA 8;20
15;200067700026;BS26;8;35;;0;;1;37;ean13;standard;2 BLUSA ALCINHA CRUZADA 8;20
16;206067700027;BS27;8;25;;0;;1;8;ean13;standard;2 BLUSA LISA ALÇA DUPLA 8;20
17;185067700028;BS28;8;30;;0;;1;54;ean13;standard;2 BLUSA LISA OMBRO VAZADO 8;20
18;330067700029;BS29;8;65;;0;;1;11;ean13;standard;2 MACAQUINHO OMBRO ALTERNADO 8;20
19;245067700036;BS36;7;50;;0;;1;1;ean13;standard;2 SHORTS LISO 7;20
20;242067700037;BS37;8;55;;0;;1;3;ean13;standard;2 SHORTS LISO 8;20
21;330065700001;BY01;A;45;;0;;1;26;ean13;standard;VESTIDO S/M GOLA ALTA;20
22;260085700007;BY07;8;35;;0;;1;43;ean13;standard;2 SAIA 8;20
23;330085700009;BY09;8;45;;0;;1;8;ean13;standard;2 SAIA 8;20
24;330085700010;BY10;8;40;;0;;1;26;ean13;standard;2 SAIA 8;20
25;445125700011;BY11;8;85;;0;;1;26;ean13;standard;1 VESTIDO ESTAMPADO 8;20
26;197069800001;CM01;8;35;;0;;1;65;ean13;standard;2 BLUSA LISA CORTE V 8;20
27;200069800002;CM02;8;40;;0;;1;9;ean13;standard;2 BLUSA LISA MANGA CURTA 8;20
28;205069800004;CM04;8;40;;0;;1;13;ean13;standard;2 BLUSA LISA OMBRO VAZADO 8;20
29;200069800005;CM05;8;30;;0;;1;91;ean13;standard;2 BLUSA LISA MANGA BUFANTE 8;20
30;197079800008;CM08;8;30;;0;;1;26;ean13;standard;2 BLUSA LISA OMBRO VAZADO 8;20
31;200079800009;CM09;8;30;;0;;1;79;ean13;standard;2 BLUSA LISA MANGA CURTA 8;20
32;205079800010;CM10;8;30;;0;;1;65;ean13;standard;2 BLUSA LISA OMBRO VAZADO 8;20
33;32085270010;CQ10;7;40;;0;;1;1;ean13;standard;1 BLUSA 7;20
34;33085270013;CQ13;7;40;;0;;1;4;ean13;standard;1 LÃ 7;20
35;330128900001;CR01;8;70;;0;;1;4;ean13;standard;1 VESTIDO MANGA LONGA 8;20
36;450128900002;CR02;8;85;;0;;1;2;ean13;standard;1 MACACÃO 8;20
37;205059600004;CS04;7;20;;0;;1;42;ean13;standard;2 BLUSA LISA 7;20
38;;CS04C;7;35;;0;;1;15;ean13;standard;2 SAIA LISA 7;20
39;26085300009;CY09;7;30;;0;;1;7;ean13;standard;1 BLUSA 7;20
40;26085300010;CY10;7;30;;0;;1;2;ean13;standard;1 BLUSA 7;20
41;33085300011;CY11;8;25;;0;;1;2;ean13;standard;1 LÃ PLUS 8;20
42;33035300011;CY11;8;25;;0;;1;2;ean13;standard;1 LÃ PLUS 8;20
43;33085300012;CY12;8;30;;0;;1;16;ean13;standard;1 BLUSA 8;20
44;33085300013;CY13;8;25;;0;;1;3;ean13;standard;1 BLUSA INVERNO 8;20
45;33085300015;CY15;8;25;;0;;1;2;ean13;standard;1 LÃ PLUS 8;20
46;33085300016;CY16;8;30;;0;;1;16;ean13;standard;1 BLUSA 8;20
47;32085300017;CY17;8;30;;0;;1;9;ean13;standard;1 BLUSA 8;20
48;32085300018;CY18;8;30;;0;;1;4;ean13;standard;1 BLUSA 8;20
49;32085300019;CY19;8;30;;0;;1;20;ean13;standard;1 BLUSA 8;20
50;32085300021;CY21;8;30;;0;;1;9;ean13;standard;1 BLUSA 8;20
51;26085300022;CY22;7;30;;0;;1;8;ean13;standard;1 BLUSA 7;20
52;26085300023;CY23;7;30;;0;;1;18;ean13;standard;1 BLUSA 7;20
53;285116000001;DM01;8;50;;0;;1;18;ean13;standard;1 BLUSA LISA 8;20
54;270116000003;DM03;7;50;;0;;1;18;ean13;standard;1 BLUSA LISA 7;20
55;260096800001;DW01;8;55;;0;;1;15;ean13;standard;1 BLUSA LISA 8;20
56;270096800002;DW02;8;40;;0;;1;15;ean13;standard;1 BLUSA LISA 8;20
57;270106800003;DW03;7;50;;0;;1;56;ean13;standard;1 BLUSA LISA 7;20
58;290106800004;DW04;8;50;;0;;1;56;ean13;standard;1 BLUSA LISA 8;20
59;240106800005;DW05;8;50;;0;;1;56;ean13;standard;1 BLUSA 8;20
60;290106800006;DW06;8;50;;0;;1;4;ean13;standard;1 BLUSA 8;20
61;230106800007;DW07;8;45;;0;;1;257;ean13;standard;1 BLUSA 8;20
62;270106800008;DW08;7;50;;0;;1;73;ean13;standard;1 BLUSA LISA 7;20
63;280106800009;DW09;7;50;;0;;1;46;ean13;standard;1 BLUSA LISA 7;20
64;290106800010;DW10;7;55;;0;;1;46;ean13;standard;1 BLUSA MANGA LONGA 7;20
65;300116800011;DW11;7;50;;0;;1;86;ean13;standard;1 BLUSA 7;20
66;300116800012;DW12;8;50;;0;;1;4;ean13;standard;1 BLUSA 8;20
67;255116800013;DW13;8;50;;0;;1;63;ean13;standard;1 BLUSA 8;20
68;270106800014;DW14;7;50;;0;;1;84;ean13;standard;1 BLUSA LISA 7;20
69;275116800015;DW15;8;50;;0;;1;84;ean13;standard;1 BLUSA MANGA LONGA 8;20
70;290116800016;DW16;7;50;;0;;1;24;ean13;standard;1 BLUSA 7;20
71;260116800017;DW17;7;50;;0;;1;24;ean13;standard;1 BLUSA MANGA LONGA 7;20
72;310116800018;DW18;8;55;;0;;1;24;ean13;standard;1 BLUSA MANGA LONGA 8;20
73;310116800019;DW19;8;55;;0;;1;24;ean13;standard;1 BLUSA MANGA LONGA 8;20
74;280116800020;DW20;8;50;;0;;1;27;ean13;standard;1 BLUSA LISA 8;20
75;270116800021;DW21;8;50;;0;;1;27;ean13;standard;1 BLUSA MANGA LONGA 8;20
76;290126800022;DW22;7;50;;0;;1;27;ean13;standard;1 BLUSA MANGA LONGA 7;20
77;270126800023;DW23;8;50;;0;;1;27;ean13;standard;1 BLUSA MANGA LONGA 8;20
78;270126800025;DW25;7;50;;0;;1;27;ean13;standard;1 BLUSA LISA 7;20
79;350126800026;DW26;8;55;;0;;1;27;ean13;standard;1 BLUSA ESTAMPADA 8;20
80;330126800029;DW29;8;55;;0;;1;27;ean13;standard;1 BLUSA LISA 8;20
81;270126800030;DW30;7;100;;0;;1;27;ean13;standard;1 CONJUNTO LISO 7;20
82;220126800030;DW30;7;100;;0;;1;27;ean13;standard;1 CONJUNTO LISO 7;20
83;182066800038;DW38;8;35;;0;;1;39;ean13;standard;2 BLUSA MANGA PRINCESA 8;20
84;340066800039;DW39;8;65;;0;;1;6;ean13;standard;2 MACAQUINHO OMMBRO VAZADO DETALHE ALÇA 8;20
85;201066800044;DW44;8;25;;0;;1;65;ean13;standard;2 BLUSA LISA OMBRO ALTERNADO 8;20
86;218066800046;DW46;8;30;;0;;1;83;ean13;standard;2 BLUSA LISA M/C PRINCESA 8;20
87;208066800047;DW47;8;30;;0;;1;54;ean13;standard;2 BLUSA LISA OMBRO VAZADO 8;20
88;215066800048;DW48;8;30;;0;;1;66;ean13;standard;2 BLUSA LISA OMBRO VAZADO 8;20
89;888800070080;E80;8;20;;0;;1;1;ean13;standard;1 BLUSA INVERNO 8;20
90;250111500001;EQ01;8;50;;0;;1;68;ean13;standard;1 BLUSA ESTAMPA 8;20
91;240111500002;EQ02;8;45;;0;;1;52;ean13;standard;1 BLUSA ESTAMPA 8;20
92;240111500003;EQ03;8;50;;0;;1;72;ean13;standard;1 BLUSA ESTAMPA 8;20
93;255111500004;EQ04;8;50;;0;;1;32;ean13;standard;1 BLUSA ESTAMPA 8;20
94;280111500005;EQ05;8;50;;0;;1;42;ean13;standard;1 BLUSA ESTAMPA 8;20
95;310111500006;EQ06;8;55;;0;;1;10;ean13;standard;1 BLUSA LISA 8;20
96;315111500007;EQ07;8;55;;0;;1;10;ean13;standard;1 BLUSA LISA 8;20
97;290111500008;EQ08;7;55;;0;;1;49;ean13;standard;1 BLUSA LISA 7;20
98;138201913302;FL302;7;40;;0;;1;2;ean13;standard;1 MANGA LONGA LÃ 7;20
99;138201913310;FL310;7;25;;0;;1;2;ean13;standard;1 BLUSA 7;20
100;210069700002;FP02;8;40;;0;;1;23;ean13;standard;2 BLUSA M/C LAÇO LATERAL 8;20
101;48085410005;FR05;8;40;;0;;1;2;ean13;standard;2 VESTIDO LONGO 8;20
102;45585410005;FR05;8;40;;0;;1;2;ean13;standard;2 VESTIDO LONGO 8;20
103;45085410006;FR06;8;35;;0;;1;30;ean13;standard;2 VESTIDO BORDADO 8;20
104;52585410007;FR07;8;40;;0;;1;1;ean13;standard;2VESTIDO LONGO 8;20
105;300076400002;FW02;8;40;;0;;1;33;ean13;standard;2 SAIA 8;20
106;300076400004;FW04;8;35;;0;;1;14;ean13;standard;2 SAIA COM STRASS NA LATERAL 8;20
107;260096400006;FW06;8;35;;0;;1;14;ean13;standard;2 SAIA 8;20
108;340106400007;FW07;8;65;;0;;1;29;ean13;standard;1 CALÇA 8;20
109;320116400008;FW08;7;65;;0;;1;29;ean13;standard;1 CALÇA 7;20
110;320116400009;FW09;7;65;;0;;1;43;ean13;standard;1 CALÇA 7;20
111;345116400010;FW10;8;70;;0;;1;10;ean13;standard;1 CALÇA 8;20
112;340116400011;FW11;8;65;;0;;1;5;ean13;standard;2 SAIA 8;20
113;390116400012;FW12;7;70;;0;;1;19;ean13;standard;1 CALÇA LISA 7;20
114;390116400013;FW13;8;75;;0;;1;41;ean13;standard;1 CALÇA 8;20
115;390116400014;FW14;7;75;;0;;1;57;ean13;standard;1 CALÇA 7;20
116;90201931301;GL301;7;25;;0;;1;1;ean13;standard;1 BLUSA 7;20
117;260096900001;GQ01;8;50;;0;;1;207;ean13;standard;1 BLUSA 8;20
118;290096900002;GQ02;8;55;;0;;1;207;ean13;standard;1 BLUSA 8;20
119;260096900003;GQ03;8;50;;0;;1;46;ean13;standard;1 BLUSA 8;20
120;295106900004;GQ04;8;50;;0;;1;47;ean13;standard;1 BLUSA 8;20
121;210106900005;GQ05;8;45;;0;;1;47;ean13;standard;1 BLUSA 8;20
122;290106900006;GQ06;7;50;;0;;1;86;ean13;standard;1 BLUSA 7;20
123;280106900007;GQ07;7;50;;0;;1;38;ean13;standard;1 BLUSA 7;20
124;270106900008;GQ08;7;50;;0;;1;74;ean13;standard;1 BLUSA LISA 7;20
125;280106900009;GQ09;7;50;;0;;1;56;ean13;standard;1 BLUSA LISA 7;20
126;275106900010;GQ10;7;50;;0;;1;31;ean13;standard;1 BLUSA LISA 7;20
127;260106900011;GQ11;7;50;;0;;1;31;ean13;standard;1 BLUSA LISA 7;20
128;290106900012;GQ12;7;50;;0;;1;25;ean13;standard;1 BLUSA LISA 7;20
129;200106900013;GQ13;8;45;;0;;1;41;ean13;standard;1 BLUSA 8;20
130;260106900014;GQ14;7;50;;0;;1;25;ean13;standard;1 BLUSA 7;20
131;270116900015;GQ15;7;50;;0;;1;52;ean13;standard;1 BLUSA LISA 7;20
132;255116900016;GQ16;7;50;;0;;1;52;ean13;standard;1 BLUSA MANGA LONGA 7;20
133;280116900017;GQ17;8;50;;0;;1;52;ean13;standard;1 BLUSA LISA 8;20
134;270116900018;GQ18;7;50;;0;;1;18;ean13;standard;1 BLUSA LISA 7;20
135;290116900019;GQ19;8;50;;0;;1;34;ean13;standard;1 BLUSA LISA 8;20
136;270116900022;GQ22;7;50;;0;;1;45;ean13;standard;1 BLUSA LISA 7;20
137;295116900023;GQ23;7;50;;0;;1;29;ean13;standard;1 BLUSA LISA 7;20
138;295116900024;GQ24;7;50;;0;;1;29;ean13;standard;1 BLUSA LISA 7;20
139;250116900025;GQ25;7;50;;0;;1;29;ean13;standard;1 BLUSA LISA 7;20
140;250116900026;GQ26;8;50;;0;;1;140;ean13;standard;1 BLUSA ESTAMPA 8;20
141;280116900027;GQ27;8;50;;0;;1;27;ean13;standard;1 BLUSA LISA 8;20
142;295126900028;GQ28;1;55;;0;;1;27;ean13;standard;1 BLUSA LISA 1;20
143;310126900030;GQ30;8;55;;0;;1;32;ean13;standard;1 BLUSA ESTAMPA 8;20
144;295126900031;GQ31;8;50;;0;;1;32;ean13;standard;1 BLUSA MANGA LONGA 8;20
145;290126900032;GQ32;7;50;;0;;1;32;ean13;standard;1 BLUSA ESTAMPA 7;20
146;290126900033;GQ33;7;50;;0;;1;32;ean13;standard;1 BLUSA ESTAMPADA 7;20
147;290126900034;GQ34;8;55;;0;;1;16;ean13;standard;1 BLUSA LISA 8;20
148;295126900035;GQ35;8;50;;0;;1;16;ean13;standard;1 BLUSA LISA 8;20
149;285126900036;GQ36;7;55;;0;;1;35;ean13;standard;1 BLUSA LISA 7;20
150;238126900037;GQ37;7;45;;0;;1;35;ean13;standard;1 BLUSA LISA 7;20
151;338126900038;GQ38;8;55;;0;;1;35;ean13;standard;1 BLUSA LISA 8;20
152;273016900040;GQ40;7;50;;0;;1;35;ean13;standard;1 BLUSA ESTAMPADA 7;20
153;257016900042;GQ42;7;50;;0;;1;35;ean13;standard;1 BLUSA LISA 7;20
154;190056900043;GQ43;7;70;;0;;1;35;ean13;standard;2 MACAQUINHO LISO ALCINHA 7;20
155;194056900043;GQ43;7;70;;0;;1;35;ean13;standard;2 MACAQUINHO LISO ALCINHA 7;20
156;245066900045;GQ45;8;30;;0;;1;22;ean13;standard;2 BLUSA LISA OMBRO A OMBRO 8;20
157;290118100001;HJ01;7;50;;0;;1;114;ean13;standard;1 BLUSA LISA 7;20
158;410118100002;HJ02;8;90;;0;;1;114;ean13;standard;1 VESTIDO MANGA LONGA 8;20
159;290118100003;HJ03;8;50;;0;;1;114;ean13;standard;1 BLUSA LISA 8;20
160;255118100004;HJ04;8;50;;0;;1;114;ean13;standard;1 BLUSA ESTAMPA 8;20
161;460118100005;HJ05;8;100;;0;;1;114;ean13;standard;1 VESTIDO ESTAMPADO 8;20
162;420128100006;HJ06;7;85;;0;;1;114;ean13;standard;1 MACAQUINHO ESTAMPADO 7;20
163;450128100007;HJ07;7;90;;0;;1;114;ean13;standard;1 VESTIDO ESTAMPADO 7;20
164;270128100008;HJ08;7;50;;0;;1;114;ean13;standard;1 BLUSA LISA 7;20
165;255128100009;HJ09;7;50;;0;;1;114;ean13;standard;1 BLUSA LISA 7;20
166;210068100010;HJ10;8;35;;0;;1;86;ean13;standard;2 BLUSA LISA OMBRO VAZADO 8;20
167;185058100014;HJ14;8;15;;0;;1;86;ean13;standard;2 BLUSA LISA CIGANINHA MANGA CURTA 8;20
168;205058100015;HJ15;8;35;;0;;1;40;ean13;standard;2 BLUSA LISA OMBRO CAÍDO MANGA CURTA 8;20
169;400129100001;HL01;7;85;;0;;1;40;ean13;standard;1 VESTIDO ESTAMPADO 7;20
170;380129100002;HL02;7;80;;0;;1;40;ean13;standard;1 VESTIDO LISO 7;20
171;460129100004;HL04;8;90;;0;;1;40;ean13;standard;1 VESTIDO ESTAMPADO 8;20
172;440129100005;HL05;7;90;;0;;1;34;ean13;standard;1 VESTIDO ESTAMPA 7;20
173;235068400004;HS04;8;30;;0;;1;65;ean13;standard;2 BLUSA LISA MANGA BUFANTE 8;20
174;390069400007;JB07;7;70;;0;;1;22;ean13;standard;2 MACACÃO LISO ALCINHA 7;20
175;150079400010;JB10;8;30;;0;;1;7;ean13;standard;2 BLUSA COM ESTAMPA M/C 8;20
176;160079400011;JB11;8;35;;0;;1;1;ean13;standard;2 BLUSA M/C COM ESTAMPA 8;20
177;150079400012;JB12;8;30;;0;;1;7;ean13;standard;2 BLUSA COM ESTAMPA M/C 8;20
178;160079400014;JB14;8;35;;0;;1;4;ean13;standard;2 BLUSA COM ESTAMPA E AMARRAÇÃO M/C 8;20
179;155079400015;JB15;8;35;;0;;1;4;ean13;standard;2 BLUSA LISA COM ESTAMPA MC 8;20
180;150079400016;JB16;8;30;;0;;1;12;ean13;standard;2 BLUSA COM ESTAMPA M/C 8;20
181;160079400017;JB17;8;35;;0;;1;5;ean13;standard;2 BLUSA COM ESTAMPA M/C 8;20
182;140079400021;JB21;7;15;;0;;1;27;ean13;standard;2 BLUSA COM ESTAMPA OMBRO CAIDO 7;20
183;155079400022;JB22;7;15;;0;;1;78;ean13;standard;2 CROPPED OMBRO ALTERNADO 7;20
184;160079400026;JB26;8;30;;0;;1;78;ean13;standard;2 BLUSA M/C COM AMARRAÇÃO 8;20
185;128079400027;JB27;7;20;;0;;1;6;ean13;standard;2 BLUSA COM ESTAMPA M/C 7;20
186;175201923303;JF303;7;25;;0;;1;1;ean13;standard;1 BLUSA 7;20
187;100201901509;JF509;7;40;;0;;1;2;ean13;standard;1 BLUSA 7;20
188;150201901510;JF510;7;30;;0;;1;1;ean13;standard;1 BLUSA 7;20
189;150201901513;JF513;7;25;;0;;1;1;ean13;standard;1 BLUSA 7;20
190;150201901514;JF514;8;25;;0;;1;1;ean13;standard;1 MANGA LONGA 8;20
191;150201901519;JF519;7;25;;0;;1;1;ean13;standard;1 BLUSA 7;20
192;100201901521;JF521;7;25;;0;;1;1;ean13;standard;1 BLUSA 7;20
193;270115000001;JS01;7;50;;0;;1;42;ean13;standard;1 BLUSA LISA 7;20
194;290118300001;KZ01;7;55;;0;;1;8;ean13;standard;1 BLUSA LISA 7;20
195;300114300001;LP01;8;50;;0;;1;8;ean13;standard;1 BLUSA MANGA LONGA 8;20
196;460853500002;LP02;8;55;;0;;1;37;ean13;standard;2 VESTIDO BORDADO 8;20
197;460853500003;LP03;8;35;;0;;1;77;ean13;standard;2 VESTIDO BORDADO 8;20
198;460853500005;LP05;8;35;;0;;1;39;ean13;standard;2 VESTIDO BORDADO 8;20
199;460853500006;LP06;8;35;;0;;1;19;ean13;standard;2 VESTIDO BORDADO 8;20
200;460853500007;LP07;8;35;;0;;1;15;ean13;standard;2 VESTIDO BORDADO 8;20
201;460853500008;LP08;8;30;;0;;1;79;ean13;standard;2 VESTIDO GUIPIR 8;20
202;460853500009;LP09;8;35;;0;;1;28;ean13;standard;2 VESTIDO BORDADO 8;20
203;460853500010;LP10;8;35;;0;;1;35;ean13;standard;2 VESTIDO BORDADO 8;20
204;460853500011;LP11;8;35;;0;;1;62;ean13;standard;2 VESTIDO BORDADO 8;20
205;460853500012;LP12;8;35;;0;;1;61;ean13;standard;2 VESTIDO BORDADO 8;20
206;460853500013;LP13;8;35;;0;;1;15;ean13;standard;2 VESTIDO BORDADO 8;20
207;460853500015;LP15;8;35;;0;;1;23;ean13;standard;2 VESTIDO BORDADO 8;20
208;460853500017;LP17;8;30;;0;;1;67;ean13;standard;2 VESTIDO GUIPIR 8;20
209;460853500018;LP18;8;35;;0;;1;6;ean13;standard;2 VESTIDO BORDADO 8;20
210;460853500019;LP19;8;35;;0;;1;13;ean13;standard;2 VESTIDO BORDADO 8;20
211;460853500020;lp20;8;35;;0;;1;14;ean13;standard;2 VESTIDO BORDADO 8;20
212;300114300002;LP82;8;50;;0;;1;14;ean13;standard;1 BLUSA LISA 8;20
213;310116200001;LY01;7;50;;0;;1;14;ean13;standard;1 BLUSA MANGA LONGA 7;20
214;280116200002;LY02;7;50;;0;;1;14;ean13;standard;1 BLUSA MANGA LONGA 7;20
215;480116200003;LY03;7;100;;0;;1;87;ean13;standard;1 MACACÃO ESTAMPA 7;20
216;357055900013;LY13;8;75;;0;;1;87;ean13;standard;2 MACACÃO LISO ALCINHA CINTO DE CORDÃO 8;20
217;201055900018;LY18;8;40;;0;;1;20;ean13;standard;2 BLUSA ALCINHA OMBRO VAZADO 8;20
218;204055900021;LY21;8;30;;0;;1;126;ean13;standard;2 BLUSA LISA ALCINHA 8;20
219;238065900022;LY22;7;40;;0;;1;10;ean13;standard;2 BLUSA BABADO MANGA 7;20
220;197065900023;LY23;8;25;;0;;1;37;ean13;standard;2 BLUSA LISA CORTE V MANGA CURTA 8;20
221;198065900024;LY24;7;25;;0;;1;19;ean13;standard;2 BLUSA LISA MANGA CURTA BUFANTE 7;20
222;165065900025;LY25;7;25;;0;;1;4;ean13;standard;2 BLUSA CIGANINHA COM LAÇO REGULADOR 7;20
223;180065900026;LY26;7;35;;0;;1;24;ean13;standard;2 BLUSA LIA MANGA CURTA OMBRO VAZADO 7;20
224;198065900027;LY27;8;40;;0;;1;3;ean13;standard;2 BLUSA MANGA CURTA DECOTE FRANZIDO 8;20
225;157065900029;LY29;7;25;;0;;1;25;ean13;standard;2 BLUSA LISA LAÇO NO DECOTE 7;20
226;197065900030;LY30;7;35;;0;;1;3;ean13;standard;2 BLUSA LISA MANGA CURTA 7;20
227;424065900032;LY32;8;85;;0;;1;5;ean13;standard;2 VESTIDO LISO 8;20
228;414065900033;LY33;8;80;;0;;1;6;ean13;standard;2 VESTIDO LISO MANGA CURTA 8;20
229;192065900034;LY34;8;30;;0;;1;76;ean13;standard;2 BLUSA LISA OMBRO VAZADO 8;20
230;402065900035;LY35;8;85;;0;;1;36;ean13;standard;2 VESTIDO LISO OMBRO A OMBRO 8;20
231;404065900036;LY36;8;80;;0;;1;2;ean13;standard;2 MACAQUINHO LISO OMBRO VAZADO 8;20
232;190065900037;LY37;7;80;;0;;1;10;ean13;standard;2 CONJUNTO LISO BLUSA E CALÇA 7;20
233;217065900037;LY37;7;80;;0;;1;10;ean13;standard;2 CONJUNTO LISO BLUSA E CALÇA 7;20
234;213065900038;LY38;7;80;;0;;1;8;ean13;standard;2 CONJUNTO LISO BLUSA E CALÇA 7;20
235;220065900038;LY38;7;80;;0;;1;8;ean13;standard;2 CONJUNTO LISO BLUSA E CALÇA 7;20
236;374065900039;LY39;8;75;;0;;1;23;ean13;standard;2 VESTIDO ALCINHA 8;20
237;365065900040;LY40;8;75;;0;;1;23;ean13;standard;2 MACAQUINHO LISO ALCINHA 8;20
238;380065900041;LY41;8;75;;0;;1;68;ean13;standard;2 VESTIDO LISO UM OMBRO SÓ 8;20
239;433065900042;LY42;8;90;;0;;1;1;ean13;standard;2 MACAQUINHO MANGA BUFANTE 8;20
240;899201801610;M610;8;25;;0;;1;1;ean13;standard;2 VESTIDO RENDA 8;20
241;899201801611;M611;8;30;;0;;1;1;ean13;standard;2 VESTIDO RENDA 8;20
242;899201801613;M613;8;25;;0;;1;1;ean13;standard;2 VESTIDO RENDA 8;20
243;899201801617;M617;8;25;;0;;1;1;ean13;standard;2 VESTIDO RENDA 8;20
244;899201801620;M620;8;30;;0;;1;5;ean13;standard;2 VESTIDO GUIPIR 8;20
245;899201801621;M621;8;30;;0;;1;5;ean13;standard;2 VESTIDO GUIPIR 8;20
246;899201801625;M625;8;30;;0;;1;1;ean13;standard;2 VESTIDO GUIPIR 8;20
247;305045600004;MD04;8;40;;0;;1;1;ean13;standard;2 BLUSA LISA 8;20
248;305045600005;MD05;8;40;;0;;1;1;ean13;standard;2 BLUSAN LISA  8;20
249;255095600100;MD100;8;50;;0;;1;125;ean13;standard;1 BLUSA 8;20
250;240095600101;MD101;8;45;;0;;1;64;ean13;standard;1 BLUSA 8;20
251;260095600102;MD102;8;50;;0;;1;76;ean13;standard;1 BLUSA 8;20
252;200105600104;MD104;7;45;;0;;1;12;ean13;standard;1 BLUSA 7;20
253;295105600105;MD105;8;55;;0;;1;15;ean13;standard;1 BLUSA LISA 8;20
254;290105600106;MD106;8;50;;0;;1;15;ean13;standard;1 BLUSA 8;20
255;290105600107;MD107;8;50;;0;;1;109;ean13;standard;1 BLUSA 8;20
256;275105600108;MD108;8;50;;0;;1;109;ean13;standard;1 BLUSA LISA 8;20
257;300105600109;MD109;8;55;;0;;1;109;ean13;standard;1 BLUSA 8;20
258;260105600110;MD110;8;50;;0;;1;24;ean13;standard;1 BLUSA LISA 8;20
259;300105600111;MD111;8;55;;0;;1;21;ean13;standard;1 BLUSA LISA 8;20
260;285105600112;MD112;8;50;;0;;1;62;ean13;standard;1 BLUSA LISA 8;20
261;280105600113;MD113;8;50;;0;;1;29;ean13;standard;1 BLUSA LISA 8;20
262;290105600114;MD114;8;50;;0;;1;50;ean13;standard;1 BLUSA 8;20
263;240105600115;MD115;8;50;;0;;1;50;ean13;standard;1 BLUSA 8;20
264;300105600116;MD116;8;50;;0;;1;20;ean13;standard;1 BLUSA 8;20
265;215105600117;MD117;8;45;;0;;1;32;ean13;standard;1 BLUSA 8;20
266;290105600118;MD118;A;50;;0;;1;85;ean13;standard;1 BLUSA LISA;20
267;305105600119;MD119;8;50;;0;;1;39;ean13;standard;1 BLUSA 8;20
268;300105600120;MD120;8;50;;0;;1;4;ean13;standard;1 BLUSA 8;20
269;220105600121;MD121;8;45;;0;;1;53;ean13;standard;1 BLUSA 8;20
270;280105600122;MD122;8;55;;0;;1;53;ean13;standard;1 BLUSA LISA 8;20
271;235105600123;MD123;8;50;;0;;1;67;ean13;standard;1 BLUSA 8;20
272;260105600124;MD124;8;50;;0;;1;67;ean13;standard;1 BLUSA 8;20
273;300105600125;MD125;8;50;;0;;1;84;ean13;standard;1 BLUSA 8;20
274;270105600126;MD126;8;50;;0;;1;84;ean13;standard;1 BLUSA 8;20
275;290105600127;MD127;8;50;;0;;1;8;ean13;standard;1 BLUSA 8;20
276;250105600129;MD129;8;50;;0;;1;8;ean13;standard;1 BLUSA 8;20
277;245065600013;MD13;L;30;;0;;1;1;ean13;standard;"BLUSA M/C, GOLA ""V"" C/ Nò LATERAL";20
278;300105600130;MD130;8;50;;0;;1;18;ean13;standard;1 BLUSA 8;20
279;250105600131;MD131;8;50;;0;;1;13;ean13;standard;1 BLUSA 8;20
280;250105600132;MD132;8;45;;0;;1;42;ean13;standard;1 BLUSA 8;20
281;255115600133;MD133;8;45;;0;;1;42;ean13;standard;1 BLUSA ESTAMPADA 8;20
282;300105600134;MD134;8;50;;0;;1;42;ean13;standard;1 BLUSA ESTAMPADA 8;20
283;280105600135;MD135;8;50;;0;;1;42;ean13;standard;1 BLUSA 8;20
284;290105600136;MD136;8;55;;0;;1;60;ean13;standard;1 BLUSA LISA 8;20
285;285105600137;MD137;8;55;;0;;1;48;ean13;standard;1 BLUSA LISA 8;20
286;290105600138;MD138;8;55;;0;;1;48;ean13;standard;1 BLUSA LISA 8;20
287;220105600139;MD139;8;45;;0;;1;42;ean13;standard;1 BLUSA 8;20
288;275105600140;MD140;8;55;;0;;1;42;ean13;standard;1 BLUSA LISA 8;20
289;290105600141;MD141;8;50;;0;;1;114;ean13;standard;1 BLUSA 8;20
290;280105600142;MD142;8;50;;0;;1;114;ean13;standard;1 BLUSA ESTAMPA 8;20
291;280115600143;MD143;8;55;;0;;1;114;ean13;standard;1 BLUSA LISA 8;20
292;235105600144;MD144;7;45;;0;;1;63;ean13;standard;1 BLUSA ESTAMPA 7;20
293;330105600145;MD145;8;55;;0;;1;36;ean13;standard;1 BLUSA LISA 8;20
294;225105600146;MD146;8;45;;0;;1;36;ean13;standard;1 BLUSA 8;20
295;290105600147;MD147;8;55;;0;;1;36;ean13;standard;1 BLUSA LISA 8;20
296;215105600148;MD148;8;50;;0;;1;22;ean13;standard;1 BLUSA ESTAMPA 8;20
297;280105600149;MD149;8;50;;0;;1;22;ean13;standard;1 BLUSA MANGA LONGA 8;20
298;230105600150;MD150;8;45;;0;;1;22;ean13;standard;1 BLUSA 8;20
299;260105600151;MD151;8;50;;0;;1;22;ean13;standard;1 BLUSA ESTAMPA 8;20
300;250105600152;MD152;8;50;;0;;1;22;ean13;standard;1 BLUSA 8;20
301;275105600153;MD153;8;55;;0;;1;23;ean13;standard;1 BLUSA LISA 8;20
302;290105600154;MD154;8;50;;0;;1;15;ean13;standard;1 BLUSA LISA 8;20
303;215105600155;MD155;8;45;;0;;1;15;ean13;standard;1 BLUSA 8;20
304;230105600156;MD156;7;45;;0;;1;61;ean13;standard;1 BLUSA ESTAMPA 7;20
305;250105600157;MD157;7;45;;0;;1;9;ean13;standard;1 BLUSA 7;20
306;290105600158;MD158;8;50;;0;;1;49;ean13;standard;1 BLUSA 8;20
307;280105600159;MD159;7;50;;0;;1;2;ean13;standard;1 BLUSA ESTAMPA 7;20
308;280105600160;MD160;7;50;;0;;1;2;ean13;standard;1 BLUSA MANGA LONGA 7;20
309;295105600161;MD161;8;50;;0;;1;59;ean13;standard;1 BLUSA 8;20
310;260105600162;MD162;7;50;;0;;1;59;ean13;standard;1 BLUSA LISA 7;20
311;310115600163;MD163;8;50;;0;;1;59;ean13;standard;1 BLUSA 8;20
312;225105600164;MD164;7;45;;0;;1;7;ean13;standard;1 BLUSA ESTAMPA 7;20
313;230105600165;MD165;8;45;;0;;1;26;ean13;standard;1 BLUSA 8;20
314;300105600166;MD166;8;50;;0;;1;41;ean13;standard;1 BLUSA 8;20
315;270105600167;MD167;8;50;;0;;1;23;ean13;standard;1 BLUSA 8;20
316;290105600168;MD168;8;50;;0;;1;23;ean13;standard;1 BLUSA ESTAMPA 8;20
317;195105600169;MD169;7;45;;0;;1;23;ean13;standard;1 BLUSA MANGA LONGA 7;20
318;265105600170;MD170;7;50;;0;;1;23;ean13;standard;1 BLUSA MANGA LONGA 7;20
319;250105600171;MD171;7;50;;0;;1;23;ean13;standard;1 BLUSA LISA 7;20
320;265125600172;MD172;8;50;;0;;1;47;ean13;standard;1 BLUSA 8;20
321;270105600173;MD173;7;50;;0;;1;47;ean13;standard;1 BLUSA MANGA LONGA 7;20
322;290105600174;MD174;7;50;;0;;1;47;ean13;standard;1 BLUSA MANGA LONGA 7;20
323;245105600175;MD175;8;45;;0;;1;66;ean13;standard;1 BLUSA 8;20
324;225105600176;MD176;8;45;;0;;1;66;ean13;standard;1 BLUSA 8;20
325;275105600177;MD177;8;50;;0;;1;66;ean13;standard;1 BLUSA LISA 8;20
326;230105600178;MD178;8;45;;0;;1;96;ean13;standard;1 BLUSA 8;20
327;240105600179;MD179;8;50;;0;;1;123;ean13;standard;1 BLUSA 8;20
328;280075600018;MD18;S;35;;0;;1;1;ean13;standard;BLUSA SIMPLES C/ STRASS;20
329;295105600180;MD180;8;50;;0;;1;32;ean13;standard;1 BLUSA 8;20
330;310115600181;MD181;7;50;;0;;1;32;ean13;standard;1 BLUSA MANGA LONGA 7;20
331;290115600182;MD182;8;55;;0;;1;32;ean13;standard;1 BLUSA MANGA LONGA 8;20
332;300115600183;MD183;8;55;;0;;1;32;ean13;standard;1 BLUSA LISA 8;20
333;280115600184;MD184;7;50;;0;;1;32;ean13;standard;1 BLUSA MANGA LONGA 7;20
334;290115600185;MD185;8;50;;0;;1;4;ean13;standard;1 BLUSA LISA 8;20
335;270115600186;MD186;7;50;;0;;1;52;ean13;standard;1 BLUSA ESTAMPA 7;20
336;280115600187;MD187;8;50;;0;;1;74;ean13;standard;1 BLUSA ESTAMPA 8;20
337;275115600188;MD188;7;50;;0;;1;74;ean13;standard;1 BLUSA MANGA LONGA 7;20
338;245115600189;MD189;8;50;;0;;1;74;ean13;standard;1 BLUSA ESTAMPA 8;20
339;280115600190;MD190;8;50;;0;;1;74;ean13;standard;1 BLUSA 8;20
340;265115600191;MD191;7;50;;0;;1;74;ean13;standard;1 BLUSA LISA 7;20
341;290115600192;MD192;8;50;;0;;1;74;ean13;standard;1 BLUSA LISA 8;20
342;295115600193;MD193;8;50;;0;;1;28;ean13;standard;1 BLUSA 8;20
343;295115600194;MD194;7;50;;0;;1;28;ean13;standard;1 BLUSA ESTAMPA 7;20
344;295115600195;MD195;7;55;;0;;1;28;ean13;standard;1 BLUSA LISA 7;20
345;280115600196;MD196;8;50;;0;;1;141;ean13;standard;1 BLUSA 8;20
346;290115600197;MD197;8;50;;0;;1;48;ean13;standard;1 BLUSA LISA 8;20
347;285115600198;MD198;7;50;;0;;1;48;ean13;standard;1 BLUSA LISA 7;20
348;260115600199;MD199;8;50;;0;;1;23;ean13;standard;1 BLUSA 8;20
349;290115600200;MD200;7;50;;0;;1;23;ean13;standard;1 BLUSA ESTAMPA 7;20
350;305115600202;MD202;8;55;;0;;1;28;ean13;standard;1 BLUSA LISA 8;20
351;250115600203;MD203;8;50;;0;;1;49;ean13;standard;1 BLUSA ESTAMPA 8;20
352;280115600204;MD204;8;55;;0;;1;49;ean13;standard;1 BLUSA MANGA LONGA 8;20
353;255115600205;MD205;7;50;;0;;1;49;ean13;standard;1 BLUSA MANGA LONGA 7;20
354;290115600206;MD206;7;50;;0;;1;49;ean13;standard;1 BLUSA LISA 7;20
355;235125600207;MD207;7;45;;0;;1;49;ean13;standard;1 BLUSA LISA 7;20
356;275115600208;MD208;8;50;;0;;1;49;ean13;standard;2 BLUSA MANGA CURTA 8;20
357;205115600209;MD209;8;45;;0;;1;49;ean13;standard;1 BLUSA MANGA LONGA 8;20
358;285115600210;MD210;7;55;;0;;1;49;ean13;standard;2 BLUSA MANGA CURTA 7;20
359;315115600211;MD211;7;50;;0;;1;19;ean13;standard;2 BLUSA LISA 7;20
360;265115600212;MD212;7;50;;0;;1;19;ean13;standard;1 BLUSA MANGA LONGA 7;20
361;260115600213;MD213;7;50;;0;;1;19;ean13;standard;1 BLUSA MANGA LONGA 7;20
362;250115600214;MD214;7;50;;0;;1;78;ean13;standard;1 BLUSA LISA 7;20
363;275115600215;MD215;7;50;;0;;1;78;ean13;standard;1 BLUSA LISA 7;20
364;245115600216;MD216;7;50;;0;;1;78;ean13;standard;1 BLUSA MANGA LONGA 7;20
365;285115600217;MD217;7;50;;0;;1;78;ean13;standard;1 BLUSA MANGA LONGA 7;20
366;280115600218;MD218;7;50;;0;;1;46;ean13;standard;1 BLUSA ESTAMPA 7;20
367;260115600219;MD219;8;45;;0;;1;46;ean13;standard;1 BLUSA ESTAMPADA 8;20
368;265115600220;MD220;7;50;;0;;1;64;ean13;standard;1 BLUSA LISA7;20
369;295115600221;MD221;8;50;;0;;1;64;ean13;standard;1 BLUSA MANGA LONGA 8;20
370;295115600222;MD222;8;55;;0;;1;64;ean13;standard;1 BLUSA LISA 8;20
371;285115600223;MD223;8;50;;0;;1;64;ean13;standard;1 BLUSA ESTAMPA 8;20
372;285115600224;MD224;8;55;;0;;1;64;ean13;standard;1 BLUSA LISA 8;20
373;240115600225;MD225;7;45;;0;;1;64;ean13;standard;1 BLUSA MANGA LONGA 7;20
374;240115600226;MD226;7;45;;0;;1;64;ean13;standard;1 BLUSA ESTAMPADA 7;20
375;255115600227;MD227;8;50;;0;;1;64;ean13;standard;1 BLUSA MANGA LONGA 8;20
376;225115600229;MD229;7;45;;0;;1;64;ean13;standard;1 BLUSA MANGA LONGA 7;20
377;260115600230;MD230;7;50;;0;;1;64;ean13;standard;1 BLUSA LISA 7;20
378;260115600231;MD231;8;45;;0;;1;64;ean13;standard;1 BLUSA LISA 8;20
379;235125600232;MD232;8;45;;0;;1;32;ean13;standard;1 BLUSA ESTAMPA 8;20
380;320125600234;MD234;8;55;;0;;1;32;ean13;standard;1 BLUSA LISA 8;20
381;250125600235;MD235;8;45;;0;;1;32;ean13;standard;1 BLUSA ESTAMPADA 8;20
382;300125600236;MD236;8;55;;0;;1;32;ean13;standard;1 BLUSA LISA 8;20
383;320125600237;MD237;8;55;;0;;1;32;ean13;standard;1 BLUSA LISA 8;20
384;315125600240;MD240;8;50;;0;;1;32;ean13;standard;1 BLUSA ESTAMPADA 8;20
385;200125600241;MD241;7;45;;0;;1;32;ean13;standard;1 BLUSA ESTAMPADA 7;20
386;240125600242;MD242;7;45;;0;;1;32;ean13;standard;1 BLUSA ESTAMPADA 7;20
387;280075600026;MD26;8;30;;0;;1;32;ean13;standard;2 BLUSA LISA 8;20
388;205065600271;MD271;8;40;;0;;1;1;ean13;standard;2 BLUSA LISA REGATA ALÇA TRANÇADA 8;20
389;209065600272;MD272;8;40;;0;;1;33;ean13;standard;2 BLUSA LISA OMBRO VAZADO 8;20
390;197065600273;MD273;8;30;;0;;1;34;ean13;standard;2 BLUSA REGATA ALÇA TRANÇADA 8;20
391;255065600279;MD279;8;40;;0;;1;33;ean13;standard;2 BLUSA CORTE V 8;20
392;233065600280;MD280;7;35;;0;;1;15;ean13;standard;2 BLUSA LISA MANGA CURTA 7;20
393;207065600281;MD281;7;35;;0;;1;32;ean13;standard;2 BLUSA LISA MANGA CURTA 7;20
394;240065600290;MD290;8;40;;0;;1;11;ean13;standard;2 BLUSA LISA OMBRO A OMBRO 8;20
395;220065600293;MD293;8;30;;0;;1;68;ean13;standard;2 BLUSA LISA MANGA CURTA 8;20
396;203065600294;MD294;8;30;;0;;1;32;ean13;standard;2 BLUSA LISA OMBRO VAZADO 8;20
397;183065600295;MD295;8;35;;0;;1;2;ean13;standard;2 BLUSA LISA ALÇA FINA 8;20
398;246065600296;MD296;8;40;;0;;1;22;ean13;standard;2 BLUSA LISA MANGA CURTA 8;20
399;222065600297;MD297;8;25;;0;;1;115;ean13;standard;2 BLUSA LISA OMBRO ALTERNADO 8;20
400;219065600298;MD298;8;30;;0;;1;103;ean13;standard;2 BLUSA LISA MANGA CURTA 8;20
401;234065600300;MD300;8;30;;0;;1;37;ean13;standard;2 BLUSA LISA OMBRO VAZADO 8;20
402;231065600306;MD306;8;30;;0;;1;60;ean13;standard;2 BLUSA LISA OMBRO VAZADO 8;20
403;368055600317;MD317;8;75;;0;;1;4;ean13;standard;2 VESTIDO CIGANINHA LISO 8;20
404;407065600321;MD321;8;85;;0;;1;25;ean13;standard;2 VESTIDO LISO MANGA PRINCESA 8;20
405;370065600322;MD322;8;75;;0;;1;40;ean13;standard;2 MACAQUINHO LISO MANGA BUFANTE 8;20
406;223065600323;MD323;8;30;;0;;1;59;ean13;standard;2 BLUSA LISA CORTE V MANGA BUFANTE 8;20
407;203065600326;MD326;8;25;;0;;1;27;ean13;standard;2 BLUSA LISA OMBRO ALTERNADO 8;20
408;210065600327;MD327;8;25;;0;;1;97;ean13;standard;2 BLUSA LISA OMBRO ALTERNADO 8;20
409;195065600328;MD328;8;25;;0;;1;71;ean13;standard;2 BLUSA LISA MANGA BUFANTE 8;20
410;227075600331;MD331;8;25;;0;;1;140;ean13;standard;2 BLUSA LISA OMBRO ALTERNADO 8;20
411;445075600332;MD332;8;90;;0;;1;18;ean13;standard;2 MACACÃO PANTACOURT DE ALCINHA 8;20
412;380075600335;MD335;8;75;;0;;1;12;ean13;standard;2 VESTIDO LISO ALCINHA 8;20
413;192075600345;MD345;8;85;;0;;1;12;ean13;standard;2 CONJUNTO BLUSA E SHORTS 8;20
414;212075600345;MD345;8;85;;0;;1;12;ean13;standard;2 CONJUNTO BLUSA E SHORTS 8;20
415;265085600079;MD79;8;30;;0;;1;12;ean13;standard;2 BLUSA LISA 8;20
416;290105600097;MD97;8;50;;0;;1;12;ean13;standard;1 BLUSA 8;20
417;285095600098;MD98;8;50;;0;;1;12;ean13;standard;1 BLUSA 8;20
418;600125200001;ML01;8;35;;0;;1;10;ean13;standard;1 COLETE 8;20
419;600125200010;ML01;8;35;;0;;1;10;ean13;standard;1 COLETE 8;20
420;650125200012;ML12;8;35;;0;;1;5;ean13;standard;1 COLETE 8;20
421;670125200013;ML13;8;35;;0;;1;5;ean13;standard;1 COLETE 8;20
422;640125200013;ML13;8;35;;0;;1;5;ean13;standard;1 COLETE 8;20
423;240075200153;ML153;8;20;;0;;1;5;ean13;standard;2 BLUSA ESTAMPA 8;20
424;230075200161;ML161;8;25;;0;;1;5;ean13;standard;2 BLUSA ESTAMPA 8;20
425;480075200164;ML164;8;60;;0;;1;38;ean13;standard;1 MACACAO REGATA GOLA V 8;20
426;400105200173;ML173;8;85;;0;;1;13;ean13;standard;1 MACACÃO 8;20
427;260105200174;ML174;7;50;;0;;1;7;ean13;standard;1 BLUSA 7;20
428;430105200175;ML175;8;85;;0;;1;147;ean13;standard;1 MACACÃO ESTAMPA 8;20
429;240105200177;ML177;7;45;;0;;1;35;ean13;standard;1 BLUSA 7;20
430;235105200178;ML178;7;45;;0;;1;7;ean13;standard;1 BLUSA LISA 7;20
431;220105200180;ML180;7;50;;0;;1;74;ean13;standard;1 BLUSA 7;20
432;420105200181;ML181;7;85;;0;;1;25;ean13;standard;1 CHAMISIE 7;20
433;270105200182;ML182;8;50;;0;;1;25;ean13;standard;1 BLUSA ESTAMPA 8;20
434;210105200183;ML183;8;45;;0;;1;67;ean13;standard;1 BLUSA ESTAMPA 8;20
435;235105200184;ML184;8;45;;0;;1;67;ean13;standard;1 BLUSA 8;20
436;270105200185;ML185;8;50;;0;;1;67;ean13;standard;1 BLUSA 8;20
437;225105200186;ML186;8;50;;0;;1;11;ean13;standard;1 BLUSA 8;20
438;210105200187;ML187;8;45;;0;;1;74;ean13;standard;1 BLUSA 8;20
439;440105200188;ML188;7;90;;0;;1;36;ean13;standard;1 CHEMISE LISA 7;20
440;420105200189;ML189;7;85;;0;;1;36;ean13;standard;1 MACAQUINHO MANGA LONGA 7;20
441;420105200190;ML190;7;85;;0;;1;36;ean13;standard;1 MACAQUINHO MANGA LONGA 7;20
442;435105200191;ML191;8;90;;0;;1;36;ean13;standard;1 MACAQUINHO MANGA LONGA 8;20
443;425105200192;ML192;8;90;;0;;1;76;ean13;standard;1 MACACÃO LISO 8;20
444;295115200193;ML193;8;50;;0;;1;76;ean13;standard;1 BLUSA MANGA LONGA 8;20
445;260105200195;ML195;7;45;;0;;1;104;ean13;standard;1 BLUSA 7;20
446;300105200196;ML196;8;50;;0;;1;29;ean13;standard;1 BLUSA 8;20
447;420105200197;ML197;7;85;;0;;1;162;ean13;standard;1 VESTIDO ESTAMPA 7;20
448;420105200198;ML198;7;85;;0;;1;162;ean13;standard;1 MACAQUINHO MANGA LONGA 7;20
449;480105200199;ML199;8;110;;0;;1;72;ean13;standard;1 MACACÃO LISO 8;20
450;480105200200;ML200;8;100;;0;;1;72;ean13;standard;1 CACAÇÃO MANGA LONGA 8;20
451;260115200204;ML204;7;50;;0;;1;87;ean13;standard;1 BLUSA 7;20
452;420115200209;ML209;7;100;;0;;1;115;ean13;standard;1 MACACÃO LISO 7;20
453;430115200211;ML211;8;90;;0;;1;41;ean13;standard;1 VESTIDO LISO 8;20
454;420115200216;ML216;7;90;;0;;1;77;ean13;standard;1 VESTIDO LISO 7;20
455;420115200217;ML217;8;90;;0;;1;77;ean13;standard;1 VESTIDO MANGA LONGA 8;20
456;435115200219;ML219;7;100;;0;;1;83;ean13;standard;1 MACACÃO ESTAMPA 7;20
457;61012520022;ML22;8;35;;0;;1;83;ean13;standard;1 COLETE 8;20
458;425115200220;ML220;7;85;;0;;1;83;ean13;standard;1 VESTIDO MANGA LONGA 7;20
459;415115200221;ML221;8;85;;0;;1;83;ean13;standard;1 VESTIDO MANGA LONGA 8;20
460;290115200222;ML222;8;50;;0;;1;83;ean13;standard;1 BLUSA MANGA LONGA 8;20
461;430125200224;ML224;8;100;;0;;1;83;ean13;standard;1 VESTIDO MANGA LONGA 8;20
462;420125200228;ML228;8;90;;0;;1;41;ean13;standard;1 VESTIDO LISO 8;20
463;435125200228;ML228;8;90;;0;;1;41;ean13;standard;1 VESTIDO LISO 8;20
464;298055200247;ML247;7;95;;0;;1;30;ean13;standard;2 CONJUTO BLUSA E CALÇA LISA  7;20
465;382065200248;ML248;7;70;;0;;1;18;ean13;standard;2 VESTIDO ESTAMPADO ALCINHA 7;20
466;6512500025;ML25;8;35;;0;;1;3;ean13;standard;1 COLETE 8;20
467;380065200251;ML251;7;75;;0;;1;2;ean13;standard;2 VESTIDO ESTAMPADO MANGA CURTA 7;20
468;408065200254;ML254;7;70;;0;;1;37;ean13;standard;2 MACACÃO ESTAMPADO ALÇA FINA 7;20
469;333065200257;ML257;7;55;;0;;1;19;ean13;standard;2 VESTIDO LISO FRANZIDO NA FRENTE ALCINHA 7;20
470;350065200258;ML258;7;70;;0;;1;4;ean13;standard;2 MACACÃO LISO ALÇA E LAÇO LATERAL 7;20
471;250065200259;ML259;7;90;;0;;1;42;ean13;standard;2 CONJUNTO ESTAMPADO 7;20
472;270065200259;ML259;7;90;;0;;1;42;ean13;standard;2 CONJUNTO ESTAMPADO 7;20
473;228065200260;ML260;7;75;;0;;1;49;ean13;standard;2 CONJUNTO ESTAMPADO 7;20
474;451075200262;ML262;8;85;;0;;1;4;ean13;standard;2 VESTIDO ESTAMPADO 8;20
475;400075200264;ML264;8;85;;0;;1;61;ean13;standard;2 VESTIDO LISO MANGA CURTA 8;20
476;650125200028;ML28;8;35;;0;;1;11;ean13;standard;1 COLETE 8;20
477;650125200030;ML30;8;35;;0;;1;11;ean13;standard;1 COLETE FEM 8;20
478;380035200035;ML35;8;75;;0;;1;17;ean13;standard;2 MACACÃO LISO 8;20
479;320035200045;ML45;8;60;;0;;1;34;ean13;standard;1 VESTIDO ROSÊ S/M GOLA 8;20
480;380045200046;ML46;8;60;;0;;1;54;ean13;standard;2 MACACÃO ESTAMPADO 8;20
481;310045200047;ML47;8;50;;0;;1;28;ean13;standard;1 VESTIDO ESTAMPADO S/M GOLA 8;20
482;4400045200048;ML48;8;85;;0;;1;53;ean13;standard;2 MACACÃO LISO 8;20
483;340045200049;ML49;8;50;;0;;1;80;ean13;standard;2 VESTIDO ESTAMPADO 8;20
484;380045200050;ML50;M;75;;0;;1;12;ean13;standard;MACACÃO LONGO ROSÊ S/M;20
485;420045200051;ML51;8;75;;0;;1;28;ean13;standard;2 MACACÃO ESTAMPADO 8;20
486;400045200055;ML55;8;75;;0;;1;82;ean13;standard;2 MACACÃO ESTAMPADO 8;20
487;350045200056;ML56;8;55;;0;;1;63;ean13;standard;2 MACAQUINHO ESTAMPADO 8;20
488;360045200058;ML58;8;65;;0;;1;25;ean13;standard;2 MACAQUINHO ESTAMPADO 8;20
489;360045200059;ML59;O;65;;0;;1;2;ean13;standard;MACAQUINHO ESTAMPADO;20
490;330045200060;ML60;8;60;;0;;1;70;ean13;standard;1 VESTIDO CURTO BABADO S/M 8;20
491;420045200062;ML62;8;55;;0;;1;70;ean13;standard;2 MACACÃO 8;20
492;430045200064;ML64;8;55;;0;;1;70;ean13;standard;2 MACACÃO 8;20
493;360045200073;ML73;8;60;;0;;1;25;ean13;standard;2 MACACÃO 8;20
494;420055200086;ML86;8;45;;0;;1;16;ean13;standard;2 MACACÃO ESTAMPA 8;20
495;400055200090;ML90;8;65;;0;;1;16;ean13;standard;2 MACACÃO 8;20
496;470055200092;ML92;8;55;;0;;1;16;ean13;standard;2 MACACÃO 8;20
497;110201921302;MW302;A;20;;0;;1;2;ean13;standard;MANGA LONGA GOLA;20
498;110201921303;MW303;7;25;;0;;1;2;ean13;standard;1 BLUSA 7;20
499;112345010179;P10;0;10;;0;;1;32;ean13;standard;PROMO 30;20
500;300107100001;PH01;8;55;;0;;1;41;ean13;standard;1 BLUSA 8;20
501;300107100002;PH02;8;50;;0;;1;2;ean13;standard;1 BLUSA 8;20
502;240117100003;PH03;8;45;;0;;1;2;ean13;standard;1 BLUSA ESTAMPA 8;20
503;280117100004;PH04;8;50;;0;;1;2;ean13;standard;1 BLUSA MANGA LONGA 8;20
504;290117100005;PH05;8;55;;0;;1;2;ean13;standard;1 BLUSA LISA 8;20
505;230117100006;PH06;7;50;;0;;1;2;ean13;standard;1 BLUSA LISA 7;20
506;290117100007;PH07;8;50;;0;;1;2;ean13;standard;1 BLUSA LISA 8;20
507;280117100008;PH08;7;55;;0;;1;2;ean13;standard;1 BLUSA LISA 7;20
508;180086100010;PL10;8;25;;0;;1;2;ean13;standard;2 BLUSA ESTAMPA 8;20
509;255086100016;PL16;8;40;;0;;1;8;ean13;standard;2 SAIA 8;20
510;260106100017;PL17;8;50;;0;;1;20;ean13;standard;1 BLUSA LISA 8;20
511;225096100019;PL19;8;45;;0;;1;20;ean13;standard;1 BLUSA ESTAMPA 8;20
512;190106100021;PL21;8;45;;0;;1;68;ean13;standard;1 BLUSA ESTAMPA 8;20
513;255096100022;PL22;8;50;;0;;1;68;ean13;standard;1 BLUSA ESTAMPA 8;20
514;400126100026;PL26;7;70;;0;;1;34;ean13;standard;1 CALÇA 7;20
515;430126100027;PL27;8;70;;0;;1;46;ean13;standard;1 CALÇA 8;20
516;280106100031;PL31;8;50;;0;;1;46;ean13;standard;1 BLUSA ESTAMPA 8;20
517;28085100003;QJ03;8;30;;0;;1;2;ean13;standard;1 CALÇA 8;20
518;315125100003;QJ03;8;30;;0;;1;2;ean13;standard;1 CALÇA 8;20
519;270085100109;QJ109;8;40;;0;;1;9;ean13;standard;2 SAIA 8;20
520;275095100110;QJ110;8;35;;0;;1;20;ean13;standard;2 SAIA 8;20
521;295105100111;QJ111;7;65;;0;;1;29;ean13;standard;1 CALÇA 7;20
522;325105100112;QJ112;8;65;;0;;1;8;ean13;standard;1 CALÇA 8;20
523;380105100113;QJ113;7;60;;0;;1;20;ean13;standard;1 CALÇA 7;20
524;380105100114;QJ114;7;60;;0;;1;7;ean13;standard;1 CALÇA 7;20
525;330105100115;QJ115;8;65;;0;;1;32;ean13;standard;1 CALÇA 8;20
526;300115100116;QJ116;7;60;;0;;1;44;ean13;standard;2 SAIA 7;20
527;320115100118;QJ118;7;65;;0;;1;70;ean13;standard;1 CALÇA 7;20
528;310115100119;QJ119;7;65;;0;;1;21;ean13;standard;1 CALÇA 7;20
529;260115100121;QJ121;7;50;;0;;1;21;ean13;standard;1 BLUSA LISA 7;20
530;400125100122;QJ122;8;90;;0;;1;21;ean13;standard;1 VESTIDO LISO 8;20
531;335015100022;QJ22;8;40;;0;;1;29;ean13;standard;1 CALÇA 8;20
532;270035100030;QJ30;8;45;;0;;1;5;ean13;standard;2 SHORTS ESTAMPADO 8;20
533;234045100039;QJ39;8;50;;0;;1;12;ean13;standard;1 SHORT C/ STRASS 8;20
534;260045100046;QJ46;8;40;;0;;1;1;ean13;standard;2 SAIA 8;20
535;280045100049;QJ49;8;40;;0;;1;35;ean13;standard;2 SAIA 8;20
536;240045100050;QJ50;8;50;;0;;1;17;ean13;standard;"1 SAIA ""MIDI"" C/ BOLSO PLUS 8";20
537;240045100051;QJ51;8;45;;0;;1;109;ean13;standard;2 SAIA LISA 8;20
538;235045100052;QJ52;8;35;;0;;1;3;ean13;standard;2 BERMUDA 8;20
539;270045100056;QJ56;8;40;;0;;1;4;ean13;standard;2 SAIA 8;20
540;240065100058;QJ58;8;35;;0;;1;4;ean13;standard;2 BERMUDA 8;20
541;250045100065;QJ65;8;40;;0;;1;56;ean13;standard;2 SAIA 8;20
542;120201910301;QW301;8;15;;0;;1;1;ean13;standard;1 MANGA LONGA GOLA 8;20
543;285117500001;RP01;7;50;;0;;1;1;ean13;standard;1 BLUSA MANGA LONGA 7;20
544;255107500002;RP02;8;50;;0;;1;77;ean13;standard;1 BLUSA ESTAMPA 8;20
545;295117500003;RP03;8;50;;0;;1;61;ean13;standard;1 BLUSA LISA 8;20
546;300117500004;RP04;8;50;;0;;1;35;ean13;standard;1 BLUSA LISA 8;20
547;265127500005;RP05;7;45;;0;;1;35;ean13;standard;1 BLUSA LISA 7;20
548;265127500006;RP06;7;50;;0;;1;35;ean13;standard;1 BLUSA LISA 7;20
549;195067500009;RP09;8;40;;0;;1;71;ean13;standard;2 BLUSA LISA OMBRO A OMBRO 8;20
550;195067500010;RP10;8;35;;0;;1;47;ean13;standard;2 BLUSA LISA OMBRO VAZADO 8;20
551;180067500011;RP11;8;35;;0;;1;2;ean13;standard;2 BLUSA LISA MANGA CURTA 8;20
552;197067500012;RP12;7;35;;0;;1;11;ean13;standard;2 BLUSA LISA CIGANINHA 7;20
553;206077500015;RP15;8;35;;0;;1;53;ean13;standard;2 BLUSA LISA MANGA PRINCESA 8;20
554;200077500016;RP16;8;30;;0;;1;67;ean13;standard;2 BLUSA OMBRO VAZADO 8;20
555;201077500017;RP17;8;30;;0;;1;29;ean13;standard;2 BLUSA LISA ALCINHA 8;20
556;215077500018;RP18;8;30;;0;;1;105;ean13;standard;2 BLUSA MANGA BUFANTE LISA 8;20
557;260093700100;RY100;8;50;;0;;1;83;ean13;standard;1 BLUSA ESTAMPA 8;20
558;260093700103;RY103;8;50;;0;;1;24;ean13;standard;1 BLUSA LISA 8;20
559;280093700104;RY104;8;50;;0;;1;1;ean13;standard;1 BLUSA ESTAMPA 8;20
560;285093700105;RY105;8;50;;0;;1;1;ean13;standard;1 BLUSA ESTAMPA 8;20
561;285093700106;RY106;8;55;;0;;1;24;ean13;standard;1 BLUSA LISA 8;20
562;270093700107;RY107;8;50;;0;;1;48;ean13;standard;1 BLUSA LISA 8;20
563;255093700108;RY108;8;50;;0;;1;61;ean13;standard;1 BLUSA ESTAMPA 8;20
564;290093700109;RY109;8;50;;0;;1;61;ean13;standard;1 BLUSA LISA 8;20
565;275093700110;RY110;8;50;;0;;1;42;ean13;standard;1 BLUSA LISA 8;20
566;250093700111;RY111;8;50;;0;;1;64;ean13;standard;1 BLUSA LISA 8;20
567;280103700112;RY112;8;50;;0;;1;64;ean13;standard;1 BLUSA ESTAMPA 8;20
568;225103700113;RY113;8;45;;0;;1;64;ean13;standard;1 BLUSA ESTAMPA 8;20
569;230103700114;RY114;8;45;;0;;1;60;ean13;standard;1 BLUSA LISA 8;20
570;285103700115;RY115;8;50;;0;;1;29;ean13;standard;1 BLUSA ESTAMPA 8;20
571;230103700117;RY117;8;45;;0;;1;66;ean13;standard;1 BLUSA ESTAMPA 8;20
572;265103700118;RY118;8;55;;0;;1;19;ean13;standard;1 BLUSA 8;20
573;265103700119;RY119;8;50;;0;;1;24;ean13;standard;1 BLUSA 8;20
574;245113700012;RY12;A;25;;0;;1;25;ean13;standard;MANGA LOGNA;20
575;290103700120;RY120;8;55;;0;;1;25;ean13;standard;1 BLUSA LISA 8;20
576;270103700121;RY121;8;50;;0;;1;22;ean13;standard;1 BLUSA ESTAMPA 8;20
577;270103700122;RY122;8;50;;0;;1;22;ean13;standard;1 BLUSA ESTAMPA 8;20
578;215103700123;RY123;8;45;;0;;1;29;ean13;standard;1 BLUSA ESTAMPA 8;20
579;250103700124;RY124;8;50;;0;;1;27;ean13;standard;1 BLUSA ESTAMPA 8;20
580;245103700125;RY125;8;50;;0;;1;27;ean13;standard;1 BLUSA ESTAMPA 8;20
581;215103700126;RY126;8;45;;0;;1;1;ean13;standard;1 BLUSA ESTAMPA 8;20
582;260103700127;RY127;8;50;;0;;1;1;ean13;standard;1 BLUSA ESTAMPA 8;20
583;230103700128;RY128;8;45;;0;;1;28;ean13;standard;1 BLUSA ESTAMPA 8;20
584;290103700129;RY129;8;50;;0;;1;7;ean13;standard;1 BLUSA ESTAMPA 8;20
585;285103700130;RY130;8;50;;0;;1;91;ean13;standard;1 BLUSA ESTAMPA 8;20
586;290103700131;RY131;8;50;;0;;1;8;ean13;standard;1 BLUSA LISA 8;20
587;295103700132;RY132;8;50;;0;;1;40;ean13;standard;1 BLUSA ESTAMPA 8;20
588;290103700133;RY133;8;50;;0;;1;24;ean13;standard;1 BLUSA ESTAMPA 8;20
589;285103700134;RY134;8;50;;0;;1;41;ean13;standard;1 BLUSA ESTAMPA 8;20
590;290103700135;RY135;8;50;;0;;1;41;ean13;standard;1 BLUSA ESTAMPA 8;20
591;255103700136;RY136;7;50;;0;;1;41;ean13;standard;1 BLUSA MANGA LONGA 7;20
592;240103700137;RY137;7;50;;0;;1;99;ean13;standard;1 BLUSA LISA  7;20
593;290113700138;RY138;8;50;;0;;1;99;ean13;standard;1 BLUSA MANGA LONGA 8;20
594;255113700139;RY139;8;50;;0;;1;53;ean13;standard;1 BLUSA ESTAMPA 8;20
595;225113700140;RY140;8;50;;0;;1;53;ean13;standard;1 BLUSA ESTAMPA 8;20
596;295113700142;RY142;8;50;;0;;1;53;ean13;standard;1 BLUSA ESTAMPA 8;20
597;285123700143;RY143;7;50;;0;;1;50;ean13;standard;1 BLUSA ESTAMPA 7;20
598;260113700144;RY144;8;50;;0;;1;100;ean13;standard;1 BLUSA ESTAMPA 8;20
599;260113700145;RY145;7;50;;0;;1;63;ean13;standard;1 BLUSAM ESTAMPA 7;20
600;270113700146;RY146;7;50;;0;;1;55;ean13;standard;1 BLUSA LISA 7;20
601;255113700147;RY147;7;50;;0;;1;24;ean13;standard;1 BLUSA LISA 7;20
602;245113700148;RY148;7;45;;0;;1;24;ean13;standard;1 BLUSA MANGA LONGA 7;20
603;230113700149;RY149;7;45;;0;;1;43;ean13;standard;1 BLUSA LISA 7;20
604;265113700150;RY150;7;50;;0;;1;111;ean13;standard;1 BLUSA ESTAMPA 7;20
605;265123700151;RY151;7;50;;0;;1;76;ean13;standard;1 BLUSA ESTAMPA 7;20
606;280123700152;RY152;7;50;;0;;1;76;ean13;standard;1 BLUSA LISA 7;20
607;265013700153;RY153;8;55;;0;;1;76;ean13;standard;1 BLUSA LISA 8;20
608;260113700154;RY154;8;50;;0;;1;76;ean13;standard;1 BLUSA ESTAMPA 8;20
609;250113700155;RY155;8;50;;0;;1;76;ean13;standard;1 BLUSA MANGA LONGA 8;20
610;250113700156;RY156;8;50;;0;;1;76;ean13;standard;1 BLUSA MANGA LONGA 8;20
611;240113700157;RY157;8;45;;0;;1;76;ean13;standard;1 BLUSA MANGA LONGA 8;20
612;190113700158;RY158;8;45;;0;;1;62;ean13;standard;1 BLUSA ESTAMPA 8;20
613;270113700159;RY159;8;50;;0;;1;104;ean13;standard;1 BLUSA ESTAMPA 8;20
614;270123700161;RY161;8;50;;0;;1;136;ean13;standard;1 BLUSA ESTAMPA 8;20
615;290123700162;RY162;7;50;;0;;1;24;ean13;standard;1 BLUSA ESTAMPA 7;20
616;270113700163;RY163;8;50;;0;;1;24;ean13;standard;1 BLUSA MANGA LONGA 8;20
617;265123700164;RY164;8;50;;0;;1;24;ean13;standard;1 BLUSA ESTAMPA 8;20
618;260123700165;RY165;8;50;;0;;1;24;ean13;standard;1 BLUSA ESTAMPA 8;20
619;280123700166;RY166;7;50;;0;;1;24;ean13;standard;1 BLUSA LISA 7;20
620;280123700167;RY167;7;50;;0;;1;24;ean13;standard;1 BLUSA LISA 7;20
621;225043700029;RY29;8;30;;0;;1;8;ean13;standard;2 BLUSA ESTAMPADA 8;20
622;230053700030;RY30;8;30;;0;;1;1;ean13;standard;2 BLUSA ESTAMPA 8;20
623;200053700031;RY31;8;30;;0;;1;9;ean13;standard;2 BLUSA ESTAMPA 8;20
624;265093700098;RY98;8;50;;0;;1;1;ean13;standard;1 BLUSA ESTAMPA 8;20
625;220093700099;RY99;8;50;;0;;1;97;ean13;standard;1 BLUSA ESTAMPA 8;20
626;235117800001;SF01;8;45;;0;;1;23;ean13;standard;1 BLUSA 8;20
627;285117800002;SF02;7;50;;0;;1;44;ean13;standard;1 BLUSA 7;20
628;260117800003;SF03;7;50;;0;;1;47;ean13;standard;1 BLUSA LA M\G 7;20
629;290127800004;SF04;8;50;;0;;1;47;ean13;standard;1 BLUSA ESTAMPA 8;20
630;450117800005;SF05;8;85;;0;;1;47;ean13;standard;1 VESTIDO MANGA LONGA 8;20
631;230127800006;SF06;7;45;;0;;1;47;ean13;standard;1 BLUSA MANGA LONGA 7;20
632;310127800007;SF07;7;50;;0;;1;47;ean13;standard;1 BLUSA MANGA LONGA 7;20
633;270127800008;SF08;7;50;;0;;1;82;ean13;standard;1 BLUSA LISA 7;20
634;260127800009;SF09;7;50;;0;;1;93;ean13;standard;1 BLUSA LISA 7;20
635;490127800010;SF10;7;100;;0;;1;16;ean13;standard;1 VESTIDO ESTAMOA 7;20
636;190067800016;SF16;8;35;;0;;1;18;ean13;standard;2 BLUSA LISA ALCINHA DUPLA 8;20
637;176067800017;SF17;7;25;;0;;1;12;ean13;standard;2 BLUSA UM OMBRO SÓ BUFANTE 7;20
638;242067800020;SF20;8;40;;0;;1;12;ean13;standard;2 BLUSA ESTAMPADA MANGA CURTA BUFANTE 8;20
639;240077800024;SF24;8;30;;0;;1;28;ean13;standard;2 BLUSA CIGANINHA 8;20
640;160201917301;SL301;7;25;;0;;1;28;ean13;standard;1 BLUSA 7;20
641;140201919301;SM301;7;25;;0;;1;28;ean13;standard;1 BLUSA 7;20
642;200201919302;SM302;7;30;;0;;1;28;ean13;standard;1 BLUSA 7;20
643;150201919305;SM305;7;40;;0;;1;28;ean13;standard;1 BLUSA 7;20
644;150201919313;SM313;7;25;;0;;1;28;ean13;standard;1 BLUSA 7;20
645;150201919314;SM314;7;25;;0;;1;28;ean13;standard;1 BLUSA 7;20
646;100201919318;SM318;7;25;;0;;1;28;ean13;standard;1 BLUSA 7;20
647;120201919354;SM354;7;25;;0;;1;1;ean13;standard;1 BLUSA 7;20
648;120201919358;SM358;8;25;;0;;1;1;ean13;standard;1 MANGA LONGA GOLA ALTA 8;20
649;290107800001;SQ01;7;50;;0;;1;27;ean13;standard;1 BLUSA LISA 7;20
650;300107800002;SQ02;7;50;;0;;1;14;ean13;standard;1 MACAÇÃO 7;20
651;400118500001;SQ98;7;85;;0;;1;139;ean13;standard;1 MACACÃO 7;20
652;370118500002;SQ99;8;85;;0;;1;24;ean13;standard;1 MACACÃO 8;20
653;260096700001;TS01;8;50;;0;;1;43;ean13;standard;1 BLUSA 8;20
654;275096700002;TS02;8;50;;0;;1;40;ean13;standard;1 BLUSA 8;20
655;280106700003;TS03;8;50;;0;;1;16;ean13;standard;1 BLUSA 8;20
656;220106700004;TS04;8;45;;0;;1;16;ean13;standard;1 BLUSA 8;20
657;280106700005;TS05;8;50;;0;;1;16;ean13;standard;1 BLUSA 8;20
658;275126700006;TS06;7;50;;0;;1;41;ean13;standard;1 BLUSA LISA 7;20
659;285126700007;TS07;7;50;;0;;1;41;ean13;standard;1 BLUSA LISA 7;20
660;280126700008;TS08;7;50;;0;;1;41;ean13;standard;1 BLUSA LISA 7;20
661;260126700010;TS10;8;50;;0;;1;21;ean13;standard;1 BLUSA ESTAMPA 8;20
662;420126700011;TS11;8;85;;0;;1;21;ean13;standard;1 VESTIDO ESTAMPADO 8;20
663;290126700012;TS12;8;50;;0;;1;13;ean13;standard;1 BLUSA LISA 8;20
664;265126700013;TS13;8;50;;0;;1;13;ean13;standard;1 BLUSA LISA 8;20
665;345126700014;TS14;8;55;;0;;1;13;ean13;standard;1 BLUSA LISA 8;20
666;325126700014;TS14;8;55;;0;;1;13;ean13;standard;1 BLUSA LISA 8;20
667;325126700015;TS15;8;55;;0;;1;13;ean13;standard;1 BLUSA LISA 8;20
668;560126700016;TS16;8;100;;0;;1;13;ean13;standard;1 VESTIDO ESTAMPADO 8;20
669;320126700017;TS17;8;50;;0;;1;13;ean13;standard;1 BLUSA ESTAMPADA 8;20
670;290126700018;TS18;8;50;;0;;1;13;ean13;standard;1 BLUSA LISA 8;20
671;280126700019;TS19;8;50;;0;;1;13;ean13;standard;1 BLUSA LISA 8;20
672;310126700020;TS20;8;110;;0;;1;13;ean13;standard;1 CONJUNTO LISO 8;20
673;300126700020;TS20;8;110;;0;;1;13;ean13;standard;1 CONJUNTO LISO 8;20
674;190066700027;TS27;7;40;;0;;1;6;ean13;standard;2 BLUSA MANGA CURTA COM BABADO LAÇO LATERAL 7;20
675;191066700028;TS28;7;35;;0;;1;13;ean13;standard;2 BLUSA LISA MANGA CURTA 7;20
676;154066700029;TS29;7;25;;0;;1;13;ean13;standard;2 BLUSA LISA MANGA CURTA 7;20
677;231076700032;TS32;8;40;;0;;1;116;ean13;standard;2 BLUSA LISA OMBRO VAZADO 8;20
678;222076700033;TS33;8;35;;0;;1;89;ean13;standard;2 BLUSA LISA MANGA CURTA 8;20
679;212076700034;TS34;8;35;;0;;1;93;ean13;standard;2 BLUSA LISA ALCINHA 8;20
680;100201912302;TY302;8;15;;0;;1;93;ean13;standard;1 BLUSA 8;20
681;4808718001;W01;8;30;;0;;1;6;ean13;standard;2 VESTIDO GUIPIR 8;20
682;4858718002;W02;8;30;;0;;1;2;ean13;standard;2 VESTIDO GUIPIR 8;20
683;4908718003;W03;8;30;;0;;1;47;ean13;standard;2 VESTIDO GUIPIR 8;20
684;4858718004;W04;8;30;;0;;1;34;ean13;standard;2 VESTIDO GUIPIR 8;20
685;4808718005;W05;8;30;;0;;1;34;ean13;standard;2 VESTIDO GUIPIR 8;20
686;3808718008;W08;S;35;;0;;1;34;ean13;standard;PLUS;20
687;1702088010;W10;8;30;;0;;1;43;ean13;standard;2 VESTIDO GUIPIR 8;20
688;5008718010;W10;8;30;;0;;1;43;ean13;standard;2 VESTIDO GUIPIR 8;20
689;1702088011;w11;8;30;;0;;1;55;ean13;standard;2 VESTIDO GUIPIR 8;20
690;4858718011;w11;8;30;;0;;1;55;ean13;standard;2 VESTIDO GUIPIR 8;20
691;17020880111;W111;G;35;;0;;1;1;ean13;standard;P.M.G;20
692;1702088012;W12;8;30;;0;;1;30;ean13;standard;2 VESTIDO GUIPIR 8;20
693;4908718012;W12;8;30;;0;;1;30;ean13;standard;2 VESTIDO GUIPIR 8;20
694;4908718013;W13;8;30;;0;;1;13;ean13;standard;2 VESTIDO GUIPIR 8;20
695;17020880241;W241;8;20;;0;;1;7;ean13;standard;2 BLUSA LISA 8;20
696;27587170358;W358;O;25;;0;;1;7;ean13;standard;BLUSA INVERNO;20
697;22587170367;W367;8;25;;0;;1;7;ean13;standard;1 BLUSA 8;20
698;21587170390;W390;8;35;;0;;1;7;ean13;standard;1 BLUSA ESTAMPA 8;20
699;48087180392;W392;8;30;;0;;1;21;ean13;standard;2 VESTIDO GUIPIR 8;20
700;49587180393;W393;8;30;;0;;1;-2;ean13;standard;2 VESTIDO GUIPIR 8;20
701;51587180394;W394;8;30;;0;;1;105;ean13;standard;2 VESTIDO GUIPIR 8;20
702;51587180396;w396;8;30;;0;;1;24;ean13;standard;2 VESTIDO GUIPIR 8;20
703;51087180399;W399;8;30;;0;;1;-1;ean13;standard;2 VESTIDO GUIPIR 8;20
704;48587170400;W400;8;30;;0;;1;16;ean13;standard;2 VESTIDO GUIPIR 8;20
705;49087180401;W401;8;30;;0;;1;13;ean13;standard;2 VESTIDO GUIPIR 8;20
706;49087170401;W401;8;30;;0;;1;13;ean13;standard;2 VESTIDO GUIPIR 8;20
707;50587180402;w402;8;30;;0;;1;12;ean13;standard;2 VESTIDO GUIPIR 8;20
708;50587170402;w402;8;30;;0;;1;12;ean13;standard;2 VESTIDO GUIPIR 8;20
709;50087180403;W403;8;30;;0;;1;37;ean13;standard;2 VESTIDO GUIPIR 8;20
710;39087180410;W410;8;25;;0;;1;37;ean13;standard;2 VESTIDO RENDA 8;20
711;3258718535;W535;8;25;;0;;1;37;ean13;standard;2 VESTIDO RENDA 8;20
712;3658718550;W550;8;25;;0;;1;37;ean13;standard;2 VESTIDO RENDA 8;20
713;3508718551;W551;8;25;;0;;1;37;ean13;standard;2 VESTIDO RENDA 8;20
714;3658718552;W552;8;25;;0;;1;37;ean13;standard;2 VESTIDO RENDA 8;20
715;510128800001;WJ01;8;100;;0;;1;34;ean13;standard;1 VESTIDO LISO 8;20
716;450128800002;WJ02;8;85;;0;;1;89;ean13;standard;1 VESTIDO ESTAMPA 8;20
717;250128800004;WJ04;8;50;;0;;1;89;ean13;standard;1 BLUSA LISA 8;20
718;184068800007;WJ07;7;70;;0;;1;12;ean13;standard;2 CONJUNTO LISO 7;20
719;190058800007;WJ07;7;70;;0;;1;12;ean13;standard;2 CONJUNTO LISO 7;20
720;375068800013;WJ13;7;70;;0;;1;49;ean13;standard;2 MACACÃO LISO ALCINHA 7;20
721;195068800019;WJ19;8;35;;0;;1;31;ean13;standard;2 BLUSA LISA MANGA BUFANTE 8;20
722;340059300003;WL03;7;65;;0;;1;41;ean13;standard;2 MACACÃO LISO ALCINHA 7;20
723;220069300014;WL14;8;35;;0;;1;3;ean13;standard;2 BLUSA LISA CORTE V 8;20
724;270107900001;WM01;7;50;;0;;1;65;ean13;standard;1 BLUSA 7;20
725;260107900002;WM02;7;50;;0;;1;62;ean13;standard;1 BLUSA LISA MANGA LONGA 7;20
726;350117900003;WM03;7;65;;0;;1;62;ean13;standard;1 VESTIDO MANGA LONGA 7;20
727;270117900005;WM05;7;50;;0;;1;62;ean13;standard;1 BLUSA MANGA LONGA 7;20
728;450129800002;WM82;7;100;;0;;1;12;ean13;standard;1 JAQUETA LISA 7;20
729;375069200004;XC04;7;65;;0;;1;17;ean13;standard;2 MACACÃO LISO ALÇA DUPLA 7;20
730;365069200005;XC05;7;65;;0;;1;11;ean13;standard;2 MACACÃO LISO CORTE V 7;20
731;442069200006;XC06;7;85;;0;;1;31;ean13;standard;2 MACACÃO LISO ALCINHA 7;20
732;220069200007;XC07;8;30;;0;;1;42;ean13;standard;2 BLUSA LISA BABADO MANGA 8;20
733;336069200008;XC08;7;70;;0;;1;11;ean13;standard;2 MACACÃO LISO CORTE V ALCINHA 7;20
734;190069200009;XC09;7;85;;0;;1;11;ean13;standard;2 MACAQUINHO LISO ALCINHA 7;20
735;248069200009;XC09;7;85;;0;;1;11;ean13;standard;2 MACAQUINHO LISO ALCINHA 7;20
736;240069200011;XC11;8;40;;0;;1;4;ean13;standard;2 BLUSA ESTAMPADA LAÇO LATERAL 8;20
737;219069200012;XC12;8;35;;0;;1;56;ean13;standard;2 BLUSA LISA OMBRO VAZADO LAÇO 8;20
738;181069200013;XC13;8;35;;0;;1;140;ean13;standard;2 BLUSA LISA DECOTE V 8;20
739;183069200014;XC14;8;35;;0;;1;40;ean13;standard;2 BLUSA LISA COM DETALHE NO DECOTE 8;20
740;372069200020;XC20;8;80;;0;;1;40;ean13;standard;2 MACAQUINHO COM OMBRO VAZADO 8;20
741;400069200021;XC21;8;75;;0;;1;10;ean13;standard;2 MACAQUINHO LISO OMBRO VAZADO LAÇO 8;20
742;458069200022;XC22;8;85;;0;;1;3;ean13;standard;2 MACAQUINHO LISO COM LAÇO LATERAL 8;20
743;200069200024;XC24;8;30;;0;;1;141;ean13;standard;2 BLUSA LISA OMBRO VAZADO 8;20
744;250069200026;XC26;8;30;;0;;1;52;ean13;standard;2 BLUSA LISA OMBRO VAZADO 8;20
745;418069200029;XC29;8;80;;0;;1;10;ean13;standard;2 MACAQUINHO CIGANINHA 8;20
746;385069200030;XC30;8;80;;0;;1;47;ean13;standard;2 VESTIDO LISO OMBRO VAZADO 8;20
747;357069200032;XC32;7;70;;0;;1;105;ean13;standard;2 VESTIDO LISO OMBRO ALTERNADO 7;20
748;414079200033;XC33;8;85;;0;;1;6;ean13;standard;2 VESTIDO LISO MANGA BUFANTE 8;20
749;319069200034;XC34;8;65;;0;;1;36;ean13;standard;2 MACAQUINHO LISO UM OMBRO SÓ 8;20
750;355079200037;XC37;7;75;;0;;1;32;ean13;standard;2 VESTIDO LISO DE ALCINHA 7;20
751;382079200038;XC38;8;85;;0;;1;9;ean13;standard;2 MACAQINHO LISO OMBRO VAZADO 8;20
752;216079200039;XC39;8;30;;0;;1;79;ean13;standard;2 BLUSA LISA MANGA BUFANTE 8;20
753;384079200040;XC40;7;80;;0;;1;13;ean13;standard;2 MACAQUINHO LISO DE ALCINHA 7;20
754;505128700003;XF03;7;100;;0;;1;46;ean13;standard;1 VESTIDO ESTAMPA 7;20
755;420107600001;XL01;8;85;;0;;1;21;ean13;standard;1 MACAQUINHO 8;20
756;430107600002;XL02;8;85;;0;;1;21;ean13;standard;1 MACAQUINHO ESTAMPA 8;20
757;295117600003;XL03;7;55;;0;;1;21;ean13;standard;1 BLUSA LISA 7;20
758;270107600004;XL04;8;50;;0;;1;24;ean13;standard;1 BLUSA LISA 8;20
759;290117600005;XL05;8;50;;0;;1;24;ean13;standard;1 BLUSA MANGA LONGA 8;20
760;280117600006;XL06;7;50;;0;;1;24;ean13;standard;1 BLUSA LISA 7;20
761;265107600007;XL07;7;50;;0;;1;1;ean13;standard;1 BLUSA 7;20
762;250117600008;XL08;8;50;;0;;1;1;ean13;standard;1 BLUSA LISA 8;20
763;250117600009;XL09;7;50;;0;;1;1;ean13;standard;1 BLUSA LISA 7;20
764;250117600010;XL10;7;50;;0;;1;1;ean13;standard;1 BLUSA LISA 7;20
765;250117600011;XL11;8;50;;0;;1;86;ean13;standard;1 BLUSA LISA 8;20
766;380117600012;XL12;7;75;;0;;1;19;ean13;standard;1 VESTIDO ESTAMPA 7;20
767;250117600013;XL13;7;50;;0;;1;53;ean13;standard;1 BLUSA LISA 7;20
768;260117600014;XL14;7;50;;0;;1;53;ean13;standard;1 BLUSA LISA 7;20
769;460117600016;XL16;8;100;;0;;1;53;ean13;standard;1 VESTIDO LISO 8;20
770;290117600017;XL17;7;50;;0;;1;53;ean13;standard;1 BLUSA LISA 7;20
771;290118200001;XQ01;7;50;;0;;1;53;ean13;standard;1 BLUSA MANGA LONGA 7;20
772;310118200002;XQ02;8;55;;0;;1;53;ean13;standard;1 BLUSA MANGA LONGA 8;20
773;280128200003;XQ03;8;50;;0;;1;57;ean13;standard;1 BLUSA ESTAMPA 8;20
774;265128200004;XQ04;8;50;;0;;1;14;ean13;standard;1 BLUSA LISA 8;20
775;455128200005;XQ05;8;90;;0;;1;14;ean13;standard;1 MACACÃO ESTAMPADO 8;20
776;215068200010;XQ10;8;30;;0;;1;62;ean13;standard;2 BLUSA LISA CIGANINHA 8;20
777;407068200011;XQ11;8;85;;0;;1;1;ean13;standard;2 MACACÃO M/C LISO 8;20
778;231068200012;XQ12;8;35;;0;;1;98;ean13;standard;2 BLUSA CIGANINHA LISA 8;20
779;205068200013;XQ13;8;30;;0;;1;54;ean13;standard;2 BLUSA LISA MANGA PRINCESA 8;20
780;207069900002;XR02;7;30;;0;;1;7;ean13;standard;2 BLUSA LISA OMBRO VAZADO 7;20
781;22069900003;XR03;7;25;;0;;1;40;ean13;standard;2 BLUSA LISA OMBRO CAÍDO 7;20
782;280127200001;XY01;7;50;;0;;1;40;ean13;standard;1 BLUSA ESTAMPADA 7;20
783;290127200002;XY02;7;50;;0;;1;40;ean13;standard;1 BLUSA LISA 7;20
784;315127200004;XY04;8;50;;0;;1;40;ean13;standard;1 BLUSA ESTAMPADA 8;20
785;270127200009;XY09;7;100;;0;;1;40;ean13;standard;1 MACACÃO LISO 7;20
786;440127200010;XY10;7;100;;0;;1;40;ean13;standard;1 MACACÃO LISO 7;20
787;368057200016;XY16;7;70;;0;;1;71;ean13;standard;2 MACACÃO LISO ALCINHA 7;20
788;310057200017;XY17;7;65;;0;;1;46;ean13;standard;2 MACACÃO MANGA BUFANTE 7;20
789;199067200022;XY22;8;40;;0;;1;9;ean13;standard;2 BLUSA ALCINHA LAÇO REGULADOR 8;20
790;199067200024;XY24;8;40;;0;;1;4;ean13;standard;2 BLUSA LISA OMBRO VAZADO 8;20
791;198067200026;XY26;8;35;;0;;1;39;ean13;standard;2 BLUSA LISA OMBRO A OMBRO 8;20
792;380067200027;XY27;7;65;;0;;1;15;ean13;standard;2 VESTIDO ESTAMPADO OMBRO VAZADO 7;20
793;455067200029;XY29;7;85;;0;;1;20;ean13;standard;2 VESTIDO LISO ALCINHA 7;20
794;230067200030;XY30;7;85;;0;;1;36;ean13;standard;2 CONJUNYO SAIA E BLUSA LISA 7;20
795;260067200030;XY30;7;85;;0;;1;36;ean13;standard;2 CONJUNYO SAIA E BLUSA LISA 7;20
796;327067200031;XY31;7;70;;0;;1;50;ean13;standard;2 MACACÃO LISO 7;20
797;193067200032;XY32;8;35;;0;;1;58;ean13;standard;2 BLUSA LISA OMBRO VAZADO 8;20
798;260067200035;XY35;7;55;;0;;1;15;ean13;standard;2 VESTIDO ESTAMPADO ALCINHA 7;20
799;220067200036;XY36;7;85;;0;;1;55;ean13;standard;2 CONJUNYO CALÇA E BLUSA ESTAMPADO 7;20
800;260067200036;XY36;7;85;;0;;1;55;ean13;standard;2 CONJUNYO CALÇA E BLUSA ESTAMPADO 7;20
801;384067200040;XY40;7;80;;0;;1;38;ean13;standard;2 MACACÃO LISO DE ALCINHA 7;20
802;242067200041;XY41;8;30;;0;;1;80;ean13;standard;2 BLUSA LISA MANGA CURTA 8;20
803;250067200043;XY43;8;30;;0;;1;114;ean13;standard;2 BLUSA LISA MANGA CURTA 8;20
804;270118600001;YB01;8;50;;0;;1;21;ean13;standard;1 BLUSA LISA 8;20
805;230128600002;YB02;7;45;;0;;1;21;ean13;standard;1 BLUSA LISA 7;20
806;270128600003;YB03;8;50;;0;;1;21;ean13;standard;1 BLUSA LISA 8;20
807;260128600004;YB04;7;50;;0;;1;21;ean13;standard;1 BLUSA LISA 7;20
808;265086300011;YH11;8;35;;0;;1;83;ean13;standard;2 SAIA 8;20
809;245096300019;YH19;8;50;;0;;1;168;ean13;standard;1 BLUSA ESTAMPA 8;20
810;205096300020;YH20;8;50;;0;;1;74;ean13;standard;1 BLUSA ESTAMPA 8;20
811;310096300021;YH21;8;65;;0;;1;20;ean13;standard;1 CALÇA 8;20
812;340096300022;YH22;8;65;;0;;1;2;ean13;standard;1 CALÇA 8;20
813;340096300023;YH23;8;65;;0;;1;2;ean13;standard;1 CALÇA 8;20
814;350096300024;YH24;8;65;;0;;1;8;ean13;standard;1 CALÇA 8;20
815;330096300025;YH25;8;65;;0;;1;2;ean13;standard;1 CALÇA 8;20
816;340096300026;YH26;8;70;;0;;1;5;ean13;standard;1 CALÇA 8;20
817;340096300027;YH27;8;65;;0;;1;20;ean13;standard;1 CALÇA 8;20
818;350096300028;YH28;8;70;;0;;1;7;ean13;standard;1 CALÇA 8;20
819;345106300029;YH29;8;65;;0;;1;19;ean13;standard;1 CALÇA 8;20
820;345106300030;YH30;8;65;;0;;1;13;ean13;standard;1 CALÇA 8;20
821;320106300031;YH31;8;65;;0;;1;11;ean13;standard;1 CALÇA 8;20
822;330106300032;YH32;7;65;;0;;1;13;ean13;standard;1 CALÇA 7;20
823;340116300033;YH33;8;65;;0;;1;36;ean13;standard;1 CALÇA C/ DETALHE NA FRENTE 8;20
824;360106300034;YH34;8;70;;0;;1;18;ean13;standard;1 CALÇA 8;20
825;330106300035;YH35;8;65;;0;;1;14;ean13;standard;1 CALÇA 8;20
826;330106300036;YH36;8;65;;0;;1;17;ean13;standard;1 CALÇA 8;20
827;340106300037;YH37;7;65;;0;;1;28;ean13;standard;1 CALÇA 7;20
828;400116300038;YH38;7;70;;0;;1;28;ean13;standard;1 CALÇA 7;20
829;410116300039;YH39;8;70;;0;;1;32;ean13;standard;1CALÇA 8;20
830;340116300040;YH40;8;65;;0;;1;14;ean13;standard;1 CALÇA 8;20
831;340116300041;YH41;8;65;;0;;1;14;ean13;standard;1 CALÇA 8;20
832;370116300042;YH42;7;65;;0;;1;11;ean13;standard;2 SHORTS 7;20
833;370116300043;YH43;8;65;;0;;1;21;ean13;standard;2 SHORTS 8;20
834;48085200105;YL105;8;35;;0;;1;14;ean13;standard;2 VESTIDO BORDADO 8;20
835;44085200106;YL106;8;30;;0;;1;14;ean13;standard;2 VESTIDO RENDA 8;20
836;37085200108;YL108;8;25;;0;;1;14;ean13;standard;2 VESTIDO RENDA 8;20
837;37085200109;YL109;8;25;;0;;1;14;ean13;standard;2 VESTIDO RENDA 8;20
838;35085200116;YL116;8;25;;0;;1;14;ean13;standard;2 VESTIDO RENDA 8;20
839;38085200119;YL119;8;25;;0;;1;14;ean13;standard;2 VESTIDO RENDA 8;20
840;19085200012;YL12;L;25;;0;;1;14;ean13;standard;BLUSA M/L;20
841;37085200120;YL120;8;25;;0;;1;14;ean13;standard;2 VESTIDO RENDA 8;20
842;45085200123;YL123;8;35;;0;;1;2;ean13;standard;2 VESTIDO BORDADO 8;20
843;44085200125;YL125;8;35;;0;;1;26;ean13;standard;2 VESTIDO BORDADO 8;20
844;44085200126;YL126;8;35;;0;;1;4;ean13;standard;2 VESTIDO BORDADO 8;20
845;37085200128;YL128;8;25;;0;;1;4;ean13;standard;2 VESTIDO RENDA 8;20
846;390082000142;YL142;8;25;;0;;1;1;ean13;standard;2 VESTIDO RENDA 8;20
847;435082000147;YL147;8;35;;0;;1;42;ean13;standard;2 VESTIDO BORDADO 8;20
848;350082000148;YL148;8;25;;0;;1;42;ean13;standard;2 VESTIDO RENDA 8;20
849;470082000149;YL149;S;40;;0;;1;42;ean13;standard;VESTIDO LONGO M/C PLUS;20
850;450082000152;YL152;8;35;;0;;1;5;ean13;standard;2 VESTIDO BORDADO 8;20
851;430082000152;YL152;8;35;;0;;1;5;ean13;standard;2 VESTIDO BORDADO 8;20
852;435082000159;YL159;8;35;;0;;1;15;ean13;standard;2 VESTIDO BORDADO 8;20
853;435082000160;YL160;8;35;;0;;1;23;ean13;standard;2 VESTIDO BORDADO 8;20
854;460082000161;YL161;8;35;;0;;1;15;ean13;standard;2 VESTIDO BORDADO 8;20
855;380082000167;YL167;8;25;;0;;1;15;ean13;standard;2 VESTIDO RENDA 8;20
856;350082000169;YL169;8;25;;0;;1;15;ean13;standard;2 VESTIDO RENDA 8;20
857;435082000171;YL171;8;35;;0;;1;13;ean13;standard;2 VESTIDO BORDADO 8;20
858;330082000172;YL172;8;25;;0;;1;1;ean13;standard;2 VESTIDO RENDA 8;20
859;460082000178;YL178;8;35;;0;;1;87;ean13;standard;2 VESTIDO BORDADO M/C PLUS 8;20
860;370082000179;YL179;8;25;;0;;1;87;ean13;standard;2 VESTIDO BORDADO 8;20
861;230082000181;YL181;S;40;;0;;1;87;ean13;standard;MACAQUINHO M/C PLUS;20
862;460082000183;YL183;8;35;;0;;1;65;ean13;standard;2 VESTIDO BORDADO 8;20
863;435082000185;YL185;8;35;;0;;1;35;ean13;standard;2 VESTIDO BORDADO 8;20
864;460082000186;YL186;8;35;;0;;1;30;ean13;standard;2 VESTIDO BORDADO 8;20
865;460082000189;YL189;8;35;;0;;1;30;ean13;standard;2 VESTIDO BORDADO 8;20
866;460082000190;YL190;8;35;;0;;1;64;ean13;standard;2 VESTIDO BORDADO 8;20
867;435082000191;YL191;8;35;;0;;1;35;ean13;standard;2 VESTIDO BORDADO 8;20
868;460082000193;YL193;8;35;;0;;1;25;ean13;standard;2 VESTIDO BORDADO 8;20
869;460082000196;YL196;8;35;;0;;1;36;ean13;standard;2 VESTIDO BORDADO 8;20
870;460082000198;YL198;8;35;;0;;1;6;ean13;standard;2 VESTIDO BORDADO 8;20
871;450082000199;YL199;8;35;;0;;1;10;ean13;standard;2 VESTIDO BORDADO 8;20
872;435082000200;YL200;8;35;;0;;1;31;ean13;standard;2 VESTIDO BORDADO 8;20
873;450082000200;YL200;8;35;;0;;1;31;ean13;standard;2 VESTIDO BORDADO 8;20
874;460082000202;YL202;8;35;;0;;1;61;ean13;standard;2 VESTIDO BORDADO 8;20
875;435082000203;YL203;8;35;;0;;1;32;ean13;standard;2 VESTIDO BORDADO 8;20
876;460082000205;YL205;8;35;;0;;1;11;ean13;standard;2 VESTIDO BORDADO 8;20
877;460092000209;YL209;8;35;;0;;1;40;ean13;standard;2 VESTIDO BORDADO 8;20
878;460082000210;YL210;8;35;;0;;1;10;ean13;standard;2 VESTIDO BORDADO 8;20
879;380082000212;YL212;8;30;;0;;1;5;ean13;standard;2 VESTIDO RENDA 8;20
880;460082000216;YL216;8;35;;0;;1;11;ean13;standard;2 VESTIDO BORDADO 8;20
881;20085200031;YL31;8;20;;0;;1;11;ean13;standard;2 BLUSA M/L RENDA 8;20
882;50085200056;YL56;8;65;;0;;1;11;ean13;standard;2 VESTIDO BORDADO 8;20
883;46085200076;YL76;8;35;;0;;1;75;ean13;standard;2 VESTIDO BORDADO 8;20
884;46085200077;YL77;8;35;;0;;1;17;ean13;standard;2 VESTIDO BORDADO 8;20
885;47085200078;YL78;8;35;;0;;1;24;ean13;standard;2 VESTIDO BORDADO 8;20
886;47085200079;YL79;8;35;;0;;1;99;ean13;standard;2 VESTIDO BORDADO 8;20
887;35085200086;YL86;8;25;;0;;1;2;ean13;standard;2 VESTIDO RENDA 8;20
888;46085200090;YL90;8;35;;0;;1;51;ean13;standard;2 VESTIDO BORDADO 8;20
889;39085200092;YL92;8;30;;0;;1;2;ean13;standard;2 VESTIDO RENDA 8;20
890;40085200092;YL92;8;30;;0;;1;2;ean13;standard;2 VESTIDO RENDA 8;20
891;38085040011;YM11;7;40;;0;;1;2;ean13;standard;1 BLUSA 7;20
892;125201915301;YM301;7;25;;0;;1;2;ean13;standard;1 BLUSA 7;20
893;265097000001;YR01;8;50;;0;;1;16;ean13;standard;1 BLUSA LISA 8;20
894;175067000011;YR11;8;30;;0;;1;27;ean13;standard;2 BLUSA LISA OMBRO VAZADO 8;20
895;172067000012;YR12;8;40;;0;;1;16;ean13;standard;2 BLUSA DETALHE FIVELA OMBRO 8;20
896;230067000013;YR13;8;40;;0;;1;3;ean13;standard;2 BLUSA LISA MANGA CURTA FRANZIDA NO DECOTE 8;20
897;165067000014;YR14;7;25;;0;;1;1;ean13;standard;2 BLUSA LISA MANGA CURTA 7;20
898;150067000015;YR15;7;25;;0;;1;24;ean13;standard;2 BLUSA LISA ALCINHA 7;20
899;220067000016;YR16;8;35;;0;;1;12;ean13;standard;2 BLUSA LISA ALCINHA 8;20
900;195067000017;YR17;8;35;;0;;1;28;ean13;standard;2 BLUSA LISA OMBRO VAZADO 8;20
901;172067000018;YR18;8;35;;0;;1;71;ean13;standard;2 BLUSA LISA REGATA 8;20
902;200067000019;YR19;8;40;;0;;1;6;ean13;standard;2 BLUSA LISA ALCINHA LAÇO REGULADOR 8;20
903;170067000020;YR20;7;30;;0;;1;15;ean13;standard;2 BLUSA LISA ALCINHA 7;20
904;210067000031;YR31;8;40;;0;;1;5;ean13;standard;2 BLUSA LISA ALCINHA DUPLA 8;20
905;180067000037;YR37;8;30;;0;;1;62;ean13;standard;2 BLUSA LISA OMBRO VAZADO 8;20
906;170077000041;YR41;7;15;;0;;1;22;ean13;standard;2 BLUSA LISA ALCINHA 7;20
907;240077000042;YR42;8;40;;0;;1;51;ean13;standard;2 BLUSA LISA REGATA 8;20
908;225077000044;YR44;8;40;;0;;1;29;ean13;standard;2 BLUSA LISA MANGA CURTA 8;20
909;340077000047;YR47;7;70;;0;;1;55;ean13;standard;2 VESTIDO LISO DE ALCINHA 7;20
910;160077000054;YR54;7;30;;0;;1;30;ean13;standard;2 BLUSA LISA MC 7;20
911;180077000055;YR55;7;35;;0;;1;13;ean13;standard;2 CROPPED LISO MANGA PRINCESA 7;20
912;100201906501;YS501;V;20;;0;;1;1;ean13;standard;MANGA LONGA GOLA V;20
913;100201906503;YS503;7;15;;0;;1;1;ean13;standard;1 BLUSA 7;20
914;290114600002;YX02;8;50;;0;;1;1;ean13;standard;1 BLUSA LISA 8;20
915;140201907503;YY503;8;30;;0;;1;1;ean13;standard;1 MANGA LONGA 8;20
916;260114200001;ZB01;7;50;;0;;1;43;ean13;standard;2 BLUSA LISA 7;20
917;265114200002;ZB02;8;50;;0;;1;47;ean13;standard;1 BLUSA LISA 8;20
918;255114200003;ZB03;7;50;;0;;1;70;ean13;standard;1 BLUSA LISA 7;20
919;515124200004;ZB04;8;110;;0;;1;70;ean13;standard;1 VESTIDO MANGA LONGA 8;20
920;245124200005;ZB05;8;50;;0;;1;70;ean13;standard;1 BLUSA LISA 8;20
921;550124200006;ZB06;8;110;;0;;1;70;ean13;standard;1VESTIDO MANGA LONGA 8;20
922;355124200007;ZB07;8;50;;0;;1;70;ean13;standard;1 BLUSA LISA 8;20
923;320124200008;ZB08;7;60;;0;;1;70;ean13;standard;1 BLUSA LISA 7;20
924;380124200011;ZB11;8;60;;0;;1;10;ean13;standard;1 BLUSA LISA 8;20
925;413054200015;ZB15;7;85;;0;;1;5;ean13;standard;2 MACACÃO LISO ALCINHA 7;20
926;312054200017;ZB17;7;60;;0;;1;1;ean13;standard;2 MACACÃO LISO 7;20
927;320064200023;ZB23;7;55;;0;;1;135;ean13;standard;2 VESTIDO ALÇA CRUZADA 7;20
928;205064200026;ZB26;7;35;;0;;1;13;ean13;standard;2 SAIA TANGO 7;20
929;270064200027;ZB27;7;45;;0;;1;41;ean13;standard;2 VESTIDO LISO ALCINHA 7;20
930;218064200028;ZB28;8;40;;0;;1;28;ean13;standard;2 BLUSA LISA OMBRO CAÍDO 8;20
931;182074200030;ZB30;7;25;;0;;1;79;ean13;standard;2 BLUYSA LISA OMBRO VAZADO 7;20
932;233074200031;ZB31;8;40;;0;;1;53;ean13;standard;2 BLUSA LISA OMBRO VAZADO 8;20
933;407074200034;ZB34;8;80;;0;;1;55;ean13;standard;2 MACAQUINHO LISO MANGA BUFANTE 8;20
934;310106500010;ZF10;8;65;;0;;1;2;ean13;standard;1 CALÇA 8;20
935;310106500011;ZF11;8;65;;0;;1;5;ean13;standard;1 CALÇA 8;20
936;350106500012;ZF12;7;60;;0;;1;4;ean13;standard;1 CALÇA 7;20
937;325106500013;ZF13;8;65;;0;;1;24;ean13;standard;1 CALÇA 8;20
938;470126500014;ZF14;8;100;;0;;1;83;ean13;standard;1 MACACÃO LISO 8;20
939;470126500015;ZF15;7;100;;0;;1;83;ean13;standard;1 MACAÇÃO MANGA LONGA 7;20
940;460126500016;ZF16;7;100;;0;;1;83;ean13;standard;1 VESTIDO MANGA LONGA 7;20
941;300129000002;ZG02;8;55;;0;;1;83;ean13;standard;1 BLUSA LISA 8;20
942;389059000010;ZG10;8;75;;0;;1;11;ean13;standard;2 MACACÃO LISO ALCINHA 8;20
943;180059000013;ZG13;8;35;;0;;1;27;ean13;standard;2 BLUSA LISA MANGA CURTA LAÇO NO DECOTE 8;20
944;199059000015;ZG15;8;35;;0;;1;30;ean13;standard;2 BLUSA LISA MANGA CURTA DECOTE V 8;20
945;355069000016;ZG16;8;75;;0;;1;30;ean13;standard;2 VESTIDO OMBRO VAZADO COM FENDA 8;20
946;200069000017;ZG17;8;95;;0;;1;1;ean13;standard;2 MACACÃO LISO ALÇA FINA 8;20
947;271069000017;ZG17;8;95;;0;;1;1;ean13;standard;2 MACACÃO LISO ALÇA FINA 8;20
948;328069000018;ZG18;8;70;;0;;1;6;ean13;standard;2 MACACÃO LISO FLARE 8;20
949;405069000019;ZG19;8;60;;0;;1;47;ean13;standard;2 VESTIDO LISO COM FENDA 8;20
950;413069000020;ZG20;8;75;;0;;1;3;ean13;standard;2 MACACÃO LISO MANGA CURTA 8;20
951;215069000021;ZG21;8;40;;0;;1;23;ean13;standard;2 BLUSA OMBRO VAZADO 8;20
952;200069000022;ZG22;8;40;;0;;1;20;ean13;standard;2 BLUSA LISA OMBRO VAZADO 8;20
953;200069000023;ZG23;8;30;;0;;1;19;ean13;standard;2 BLUSA LISA ALCINHA COM FIVELA E LAÇO NA FRENTE 8;20
954;364069000024;ZG24;8;60;;0;;1;19;ean13;standard;2 VESTIDO ESTAMPADO OMBRO VAZADO 8;20
955;215069000027;ZG27;8;30;;0;;1;50;ean13;standard;2 BLUSA LISA MANGA BUFANTE 8;20
956;215069000028;ZG28;8;35;;0;;1;84;ean13;standard;2 BLUSA LISA MANGA CURTA 8;20
957;210107200001;ZL01;7;45;;0;;1;63;ean13;standard;1 BLUSA ESTAMPA 7;20
958;265107200002;ZL02;8;50;;0;;1;63;ean13;standard;1 BLUSA ESTAMPA 8;20
959;25510730003;ZL03;8;50;;0;;1;63;ean13;standard;1 BLUSA ESTAMPA 8;20
960;245107300004;ZL04;7;45;;0;;1;48;ean13;standard;1 BLUSA ESTAMPA 7;20
961;245107300005;ZL05;7;45;;0;;1;107;ean13;standard;1 BLUSA ESTAMPA 7;20
962;245107300006;ZL06;7;45;;0;;1;120;ean13;standard;1 BLUSA ESTAMPA 7;20
963;245107300007;ZL07;7;50;;0;;1;77;ean13;standard;1 BLUSA ESTAMPA 7;20
964;270107300008;ZL08;8;45;;0;;1;49;ean13;standard;1 BLUSA ESTAMPA 8;20
965;275107300009;ZL09;8;50;;0;;1;106;ean13;standard;1 BLUSA ESTAMPA 8;20
966;280107300010;ZL10;8;50;;0;;1;1;ean13;standard;1 BLUSA ESTAMPA 8;20
967;260117300011;ZL11;8;50;;0;;1;1;ean13;standard;1 BLUSA MANGA LONGA 8;20
968;255117300012;ZL12;7;50;;0;;1;1;ean13;standard;1 BLUSA MANGA LONGA 7;20
969;280127300013;ZL13;7;50;;0;;1;1;ean13;standard;1 BLUSA MANGA LONGA 7;20
970;270117300016;ZL16;8;50;;0;;1;1;ean13;standard;1 BLUSA MANGA LONGA 8;20
971;245117300017;ZL17;7;45;;0;;1;1;ean13;standard;1 BLUSA MANGA LONGA 7;20
972;235107400002;ZM02;7;50;;0;;1;28;ean13;standard;1 BLUSA LISA 7;20
973;460853600001;ZN01;8;30;;0;;1;17;ean13;standard;2 VESTIDO GUIPIR 8;20
974;450853600002;ZN02;8;35;;0;;1;7;ean13;standard;2 VESTIDO GUIPIR 8;20
975;450853600003;ZN03;8;30;;0;;1;8;ean13;standard;2 VESTIDO GUIPIR 8;20
976;460853600005;ZN05;8;30;;0;;1;13;ean13;standard;2 VESTIDO GUIPIR 8;20
977;450853600007;ZN07;8;30;;0;;1;2;ean13;standard;2 VESTIDO GUIPIR 8;20
978;460853600008;ZN08;8;35;;0;;1;34;ean13;standard;2 VESTIDO BORDADO 8;20
979;460853600010;ZN10;8;35;;0;;1;18;ean13;standard;2 VESTIDO BORDADO 8;20
980;460853600100;ZN100;8;35;;0;;1;34;ean13;standard;2 VESTIDO BORDADO 8;20
981;460853600101;ZN101;8;30;;0;;1;59;ean13;standard;2 VESTIDO GUIPIR 8;20
982;460853600102;ZN102;8;30;;0;;1;16;ean13;standard;2 VESTIDO GUIPIR 8;20
983;460853600103;ZN103;8;30;;0;;1;32;ean13;standard;2 VESTIDO GUIPIR 8;20
984;460853600105;ZN105;8;30;;0;;1;69;ean13;standard;2 VESTIDO GUIPIR 8;20
985;480853600106;ZN106;8;30;;0;;1;34;ean13;standard;2 VESTIDO GUIPIR 8;20
986;460853600107;ZN107;8;30;;0;;1;8;ean13;standard;2 VESTIDO GUIPIR 8;20
987;460853600108;ZN108;8;30;;0;;1;6;ean13;standard;2 VESTIDO GUIPIR 8;20
988;460853600109;ZN109;8;30;;0;;1;65;ean13;standard;2 VESTIDO GUIPIR 8;20
989;470083600110;ZN110;8;30;;0;;1;-1;ean13;standard;2 VESTIDO GUIPIR 8;20
990;460853600111;ZN111;8;30;;0;;1;84;ean13;standard;2 VESTIDO GUIPIR 8;20
991;460853600112;ZN112;8;35;;0;;1;42;ean13;standard;2 VESTIDO BORDADO 8;20
992;480853600113;ZN113;8;30;;0;;1;52;ean13;standard;2 VESTIDO GUIPIR 8;20
993;460853600115;ZN115;8;30;;0;;1;12;ean13;standard;2 VESTIDO GUIPIR 8;20
994;460853600116;ZN116;8;30;;0;;1;25;ean13;standard;2 VESTIDO GUIPIR 8;20
995;460853600117;ZN117;8;30;;0;;1;46;ean13;standard;2 VESTIDO GUIPIR 8;20
996;460853600118;ZN118;8;30;;0;;1;8;ean13;standard;2 VESTIDO GUIPIR 8;20
997;460853600119;ZN119;8;35;;0;;1;52;ean13;standard;2 VESTIDO BORDADO 8;20
998;460073600119;ZN119;8;35;;0;;1;52;ean13;standard;2 VESTIDO BORDADO 8;20
999;450853600012;ZN12;8;35;;0;;1;1;ean13;standard;2 VESTIDO BORDADO 8;20
1000;460073600120;ZN120;8;30;;0;;1;20;ean13;standard;2 VESTIDO GUIPIR 8;20
1001;460073600121;ZN121;8;30;;0;;1;44;ean13;standard;2 VESTIDO GUIPIR 8;20
1002;470083600123;ZN123;8;35;;0;;1;32;ean13;standard;2 VESTIDO BORDADO 8;20
1003;460083600126;ZN126;8;35;;0;;1;52;ean13;standard;2 VESTIDO BORDADO 8;20
1004;460083600127;ZN127;8;30;;0;;1;8;ean13;standard;2 VESTIDO GUIPIR 8;20
1005;460083600128;ZN128;8;35;;0;;1;57;ean13;standard;2 VESTIDO BORDADO 8;20
1006;460083600129;ZN129;8;35;;0;;1;25;ean13;standard;2 VESTIDO BORDADO 8;20
1007;460093600130;ZN130;8;35;;0;;1;66;ean13;standard;2 VESTIDO BORDADO 8;20
1008;460083600131;ZN131;8;30;;0;;1;59;ean13;standard;2 VESTIDO GUIPIR 8;20
1009;480083600132;ZN132;8;35;;0;;1;13;ean13;standard;2 VESTIDO BORDADO 8;20
1010;460083600133;ZN133;8;35;;0;;1;29;ean13;standard;2 VESTIDO BORDADO 8;20
1011;460083600135;ZN135;8;35;;0;;1;40;ean13;standard;2 VESTIDO BORDADO 8;20
1012;460083600136;ZN136;8;30;;0;;1;13;ean13;standard;2 VESTIDO GUIPIR 8;20
1013;460083600137;ZN137;8;30;;0;;1;60;ean13;standard;2 VESTIDO GUIPIR 8;20
1014;460083600138;ZN138;8;35;;0;;1;57;ean13;standard;2 VESTIDO BORDADO 8;20
1015;470083600139;ZN139;8;35;;0;;1;23;ean13;standard;2 VESTIDO BORDADO 8;20
1016;460083600140;ZN140;8;35;;0;;1;64;ean13;standard;2 VESTIDO BORDADO 8;20
1017;435083600141;ZN141;8;35;;0;;1;11;ean13;standard;2 VESTIDO BORDADO 8;20
1018;440083600142;ZN142;8;35;;0;;1;69;ean13;standard;2 VESTIDO BORDADO 8;20
1019;435083600143;ZN143;8;35;;0;;1;25;ean13;standard;2 VESTIDO BORDADO 8;20
1020;460083600145;ZN145;8;35;;0;;1;20;ean13;standard;2 VESTIDO BORDADO 8;20
1021;460083600146;ZN146;8;35;;0;;1;5;ean13;standard;2 VESTIDO BORDADO 8;20
1022;435083600148;ZN148;8;35;;0;;1;34;ean13;standard;2 VESTIDO BORDADO 8;20
1023;450853600015;ZN15;8;30;;0;;1;24;ean13;standard;2 VESTIDO DE GUIPIR 8;20
1024;460083600150;ZN150;8;35;;0;;1;19;ean13;standard;2 VESTIDO BORDADO 8;20
1025;460083600152;ZN152;8;35;;0;;1;53;ean13;standard;2 VESTIDO BORDADO 8;20
1026;435083600153;ZN153;8;35;;0;;1;9;ean13;standard;2 VESTIDO BORDADO 8;20
1027;460083600155;ZN155;8;35;;0;;1;13;ean13;standard;2 VESTIDO BORDADO 8;20
1028;435083600156;ZN156;8;35;;0;;1;20;ean13;standard;2 VESTIDO DE BORDADO 8;20
1029;470083600157;ZN157;8;30;;0;;1;26;ean13;standard;2 VESTIDO GUIPIR 8;20
1030;460083600158;ZN158;8;30;;0;;1;19;ean13;standard;2 VESTIDO GUIPIR 8;20
1031;330083600159;ZN159;8;25;;0;;1;19;ean13;standard;2 VESTIDO GUIPIR 8;20
1032;460853600016;ZN16;8;35;;0;;1;48;ean13;standard;2 VESTIDO BORDADO 8;20
1033;460083600160;ZN160;8;30;;0;;1;48;ean13;standard;2 VESTIDO GUIPIR 8;20
1034;460083600161;ZN161;8;30;;0;;1;53;ean13;standard;2 VESTIDO GUIPIR 8;20
1035;460083600165;ZN165;8;30;;0;;1;27;ean13;standard;2 VESTIDO GUIPIR 8;20
1036;460083600166;ZN166;8;30;;0;;1;33;ean13;standard;2 VESTIDO GUIPIR 8;20
1037;460083600167;ZN167;8;30;;0;;1;19;ean13;standard;2 VESTIDO GUIPIR 8;20
1038;460083600168;ZN168;8;30;;0;;1;57;ean13;standard;2 VESTIDO GUIPIR 8;20
1039;590083600169;ZN169;8;45;;0;;1;20;ean13;standard;2 VESTIDO BORDADO 8;20
1040;460853600017;ZN17;8;35;;0;;1;64;ean13;standard;2 VESTIDO BORDADO 8;20
1041;435083600170;ZN170;8;35;;0;;1;46;ean13;standard;2 VESTIDO BORDADO 8;20
1042;435083600171;ZN171;8;35;;0;;1;46;ean13;standard;2 VESTIDO BORDADO 8;20
1043;460083600172;ZN172;8;30;;0;;1;38;ean13;standard;2 VESTIDO GUIPIR 8;20
1044;435083600173;ZN173;8;35;;0;;1;56;ean13;standard;2 VESTIDO BORDADO 8;20
1045;460083600175;ZN175;8;35;;0;;1;45;ean13;standard;2 VESTIDO BORDADO 8;20
1046;460083600176;ZN176;8;35;;0;;1;39;ean13;standard;2 VESTIDO BORDADO 8;20
1047;460083600177;ZN177;8;35;;0;;1;75;ean13;standard;2 VESTIDO BORDADO 8;20
1048;460083600178;ZN178;8;35;;0;;1;93;ean13;standard;2 VESTIDO BORDADO 8;20
1049;460083600179;ZN179;8;30;;0;;1;78;ean13;standard;2 VESTIDO BORDADO 8;20
1050;460853600018;ZN18;8;35;;0;;1;33;ean13;standard;2 VESTIDO BORDADO 8;20
1051;460083600180;ZN180;8;35;;0;;1;8;ean13;standard;2 VESTIDO BORDADO 8;20
1052;450083600181;ZN181;8;35;;0;;1;39;ean13;standard;2 VESTIDO BORDADO 8;20
1053;450083600182;ZN182;8;35;;0;;1;15;ean13;standard;2 VESTIDO BORDADO 8;20
1054;460083600183;ZN183;8;30;;0;;1;58;ean13;standard;2 VESTIDO GUIPIR 8;20
1055;435083600185;ZN185;8;35;;0;;1;21;ean13;standard;2 VESTIDO BORDADO 8;20
1056;460083600186;ZN186;8;30;;0;;1;32;ean13;standard;2 VESTIDO GUIPIR 8;20
1057;460083600187;ZN187;8;45;;0;;1;32;ean13;standard;2 VESTIDO BORDADO 8;20
1058;460083600188;ZN188;8;30;;0;;1;19;ean13;standard;2 VESTIDO GUIPIR 8;20
1059;460083600189;ZN189;8;30;;0;;1;24;ean13;standard;2 VESTIDO GUIPIR 8;20
1060;450853600019;ZN19;R;60;;0;;1;1;ean13;standard;VESTIDO GUIPIR;20
1061;460083600190;ZN190;8;30;;0;;1;20;ean13;standard;2 VESTIDO GUIPIR 8;20
1062;460083600191;ZN191;8;30;;0;;1;13;ean13;standard;2 VESTIDO GUIPIR 8;20
1063;460083600192;ZN192;8;30;;0;;1;34;ean13;standard;2 VESTIDO GUIPIR 8;20
1064;460083600193;ZN193;8;30;;0;;1;1;ean13;standard;2 VESTIDO GUIPIR 8;20
1065;460083600195;ZN195;8;30;;0;;1;1;ean13;standard;2 VESTIDO GUIPIR 8;20
1066;460083600196;ZN196;8;30;;0;;1;-2;ean13;standard;2 VESTIDO GUIPIR 8;20
1067;460083600197;ZN197;8;30;;0;;1;25;ean13;standard;2 VESTIDO GUIPIR 8;20
1068;460083600198;ZN198;8;30;;0;;1;15;ean13;standard;2 VESTIDO GUIPIR 8;20
1069;430083600199;ZN199;8;30;;0;;1;2;ean13;standard;2 VESTIDO BORDADO 8;20
1070;460853600020;ZN20;8;35;;0;;1;41;ean13;standard;2 VESTIDO BORDADO 8;20
1071;460093600200;ZN200;8;30;;0;;1;38;ean13;standard;2 VESTIDO GUIPIR 8;20
1072;460093600201;ZN201;8;30;;0;;1;32;ean13;standard;2 VESTIDO GUIPIR 8;20
1073;460093600202;ZN202;8;35;;0;;1;49;ean13;standard;2 VESTIDO BORDADO 8;20
1074;460093600203;ZN203;8;35;;0;;1;18;ean13;standard;2 VESTIDO BORDADO 8;20
1075;460093600205;ZN205;8;35;;0;;1;18;ean13;standard;2 VESTIDO BORDADO 8;20
1076;460093600206;ZN206;8;30;;0;;1;44;ean13;standard;2 VESTIDO GUIPIR 8;20
1077;460093600207;ZN207;8;30;;0;;1;41;ean13;standard;2 VESTIDO GUIPIR 8;20
1078;460093600208;ZN208;8;30;;0;;1;16;ean13;standard;2 VESTIDO GUIPIR 8;20
1079;460093600209;ZN209;8;30;;0;;1;47;ean13;standard;2 VESTIDO GUIPIR 8;20
1080;460853600021;ZN21;8;35;;0;;1;59;ean13;standard;2 VESTIDO BORDADO 8;20
1081;230113600212;ZN212;8;30;;0;;1;59;ean13;standard;2 VESTIDO BORDADO 8;20
1082;630123600218;ZN218;8;35;;0;;1;1;ean13;standard;1 COLETE 8;20
1083;460853600022;ZN22;8;30;;0;;1;10;ean13;standard;2 VESTIDO GUIPIR 8;20
1084;440113600222;ZN222;8;30;;0;;1;7;ean13;standard;2 VESTIDO  8;20
1085;480853600023;ZN23;8;30;;0;;1;11;ean13;standard;2 VESTIDO GUIPIR 8;20
1086;280123600232;ZN232;A;20;;0;;1;11;ean13;standard;MANGA LONGA;20
1087;310043600240;ZN240;8;60;;0;;1;1;ean13;standard;2 MACAQUINHO LISO 8;20
1088;290043600241;ZN241;8;50;;0;;1;23;ean13;standard;1 VESTIDO PB S/M COM CINTO 8;20
1089;290043600242;ZN242;8;50;;0;;1;85;ean13;standard;1 VESTIDO CURTO S/M 8;20
1090;290043600243;ZN243;8;50;;0;;1;53;ean13;standard;2 VESTIDO ESTAMPADO 8;20
1091;275043600244;ZN244;8;50;;0;;1;51;ean13;standard;1 VESTIDO CURTO S/M 8;20
1092;290043600245;ZN245;8;50;;0;;1;16;ean13;standard;1 VESTIDO  C/ CINTO 8;20
1093;390043600246;ZN246;8;75;;0;;1;3;ean13;standard;2 VESTIDO LISO 8;20
1094;320043600247;ZN247;8;60;;0;;1;55;ean13;standard;1 VESTIDO AZUL C/ CINTO S/M 8;20
1095;360043600248;ZN248;8;65;;0;;1;115;ean13;standard;1 VESTIDO  CURTO S/M 8;20
1096;480853600025;ZN25;8;30;;0;;1;5;ean13;standard;2 VESTIDO GUIPIR 8;20
1097;400043600251;ZN251;8;60;;0;;1;1;ean13;standard;2 CHEMISE LISA 8;20
1098;450853600026;ZN26;8;30;;0;;1;2;ean13;standard;2 VESTIDO GUIPIR 8;20
1099;400053600261;ZN261;8;55;;0;;1;2;ean13;standard;2 MACAQUINHO 8;20
1100;460853600027;ZN27;8;30;;0;;1;27;ean13;standard;2 VESTIDO GUIPIR 8;20
1101;430853600028;ZN28;8;35;;0;;1;52;ean13;standard;2 VESTIDO BORDADO 8;20
1102;380053600281;ZN281;8;50;;0;;1;52;ean13;standard;2 VESTIDO ESTAMPA 8;20
1103;450853600029;ZN29;8;30;;0;;1;52;ean13;standard;2 VESTIDO 8;20
1104;390053600298;ZN298;L;60;;0;;1;1;ean13;standard;VESTIDO LONGO ESTAMPA FLORESTAL;20
1105;460853600030;ZN30;8;35;;0;;1;62;ean13;standard;2 VESTIDO BORDADO 8;20
1106;340853600031;ZN31;8;25;;0;;1;62;ean13;standard;2 VESTIDO ESTAMPADO S/M PLUS 8;20
1107;460853600033;ZN33;8;30;;0;;1;9;ean13;standard;2 VESTIDO GUIPIR 8;20
1108;240083600338;ZN338;8;30;;0;;1;2;ean13;standard;1 BLUSA ESTAMPA DIFERENTE GOLA V 8;20
1109;460853600035;ZN35;R;30;;0;;1;1;ean13;standard;VESTIDO GUIPIR;20
1110;220093600364;ZN364;8;50;;0;;1;226;ean13;standard;1 BLUSA ESTAMPA 8;20
1111;230093600365;ZN365;8;50;;0;;1;123;ean13;standard;1 BLUSA ESTAMPA 8;20
1112;205093600366;ZN366;8;35;;0;;1;98;ean13;standard;1 BLUSA ESTAMPA 8;20
1113;255093600367;ZN367;8;50;;0;;1;134;ean13;standard;1 BLUSA ESTAMPA 8;20
1114;265093600368;ZN368;8;50;;0;;1;117;ean13;standard;1 BLUSA ESTAMPA 8;20
1115;270093600369;ZN369;8;50;;0;;1;54;ean13;standard;1 BLUSA ESTAMPA 8;20
1116;460853600037;ZN37;8;30;;0;;1;49;ean13;standard;2 VESTIDO GUIPIR 8;20
1117;250093600370;ZN370;8;50;;0;;1;205;ean13;standard;1 BLUSA ESTAMPA 8;20
1118;270093600371;ZN371;8;50;;0;;1;165;ean13;standard;1 BLUSA ESTAMPA 8;20
1119;270093600372;ZN372;8;50;;0;;1;108;ean13;standard;1 BLUSA ESTAMPA 8;20
1120;230103600373;ZN373;8;45;;0;;1;108;ean13;standard;1 BLUSA ESTAMPA 8;20
1121;280093600374;ZN374;8;55;;0;;1;-1;ean13;standard;1 BLUSA LISA 8;20
1122;270093600375;ZN375;8;55;;0;;1;108;ean13;standard;1 BLUSA LISA 8;20
1123;270093600376;ZN376;8;35;;0;;1;41;ean13;standard;1 BLUSA 8;20
1124;230093600377;ZN377;8;50;;0;;1;72;ean13;standard;1 BLUSA 8;20
1125;230103600378;ZN378;8;50;;0;;1;2;ean13;standard;1 BLUSA 8;20
1126;235103600379;ZN379;8;50;;0;;1;57;ean13;standard;1 BLUSA 8;20
1127;460853600038;ZN38;8;30;;0;;1;7;ean13;standard;2 VESTIDO GUIPIR 8;20
1128;230103600380;ZN380;8;45;;0;;1;7;ean13;standard;1 BLUSA 8;20
1129;230103600381;ZN381;8;35;;0;;1;111;ean13;standard;1 BLUSA 8;20
1130;230103600382;ZN382;8;45;;0;;1;111;ean13;standard;1 BLUSA 8;20
1131;230103600383;ZN383;8;45;;0;;1;92;ean13;standard;1 BLUSA 8;20
1132;265103600384;ZN384;8;50;;0;;1;92;ean13;standard;1 BLUSA 8;20
1133;290103600385;ZN385;8;50;;0;;1;48;ean13;standard;1 BLUSA 8;20
1134;250103600386;ZN386;8;45;;0;;1;38;ean13;standard;1 BLUSA 8;20
1135;240103600387;ZN387;8;45;;0;;1;38;ean13;standard;1 BLUSA 8;20
1136;280103600388;ZN388;8;50;;0;;1;164;ean13;standard;1 BLUSA 8;20
1137;275103600389;ZN389;8;50;;0;;1;24;ean13;standard;1 BLUSA LISA 8;20
1138;460853600039;ZN39;8;30;;0;;1;118;ean13;standard;2 VESTIDO GUIPIR 8;20
1139;265103600390;ZN390;8;50;;0;;1;37;ean13;standard;1 BLUSA 8;20
1140;250103600391;ZN391;8;45;;0;;1;37;ean13;standard;1 BLUSA 8;20
1141;280103600392;ZN392;8;50;;0;;1;66;ean13;standard;1 BLUSA ESTAMPA 8;20
1142;280103600393;ZN393;8;50;;0;;1;48;ean13;standard;1 BLUSA ESTAMPA 8;20
1143;280103600394;ZN394;8;50;;0;;1;43;ean13;standard;1 BLUSA ESTAMPA 8;20
1144;260103600395;ZN395;8;50;;0;;1;39;ean13;standard;1 BLUSA ESTAMPA 8;20
1145;220103600396;ZN396;8;45;;0;;1;185;ean13;standard;1 BLUSA ESTAMPA 8;20
1146;290113600397;ZN397;8;50;;0;;1;185;ean13;standard;1 BLUSA MANGA LONGA 8;20
1147;265113600398;ZN398;8;50;;0;;1;135;ean13;standard;1 BLUSA ESTAMPA 8;20
1148;460853600040;ZN40;8;30;;0;;1;26;ean13;standard;2 VESTIDO GUIPIR 8;20
1149;245103600400;ZN400;8;45;;0;;1;133;ean13;standard;1 BLUSA ESTAMPA 8;20
1150;215103600401;ZN401;8;45;;0;;1;64;ean13;standard;1 BLUSA ESTAMPA 8;20
1151;230103600402;ZN402;8;45;;0;;1;64;ean13;standard;1 BLUSA ESTAMPA 8;20
1152;290103600403;ZN403;8;50;;0;;1;112;ean13;standard;1 BLUSA ESTAMPA 8;20
1153;280103600404;ZN404;8;50;;0;;1;48;ean13;standard;1 BLUSA ESTAMPA 8;20
1154;260103600406;ZN406;8;50;;0;;1;48;ean13;standard;1 BLUSA ESTAMPA 8;20
1155;250103600407;ZN407;8;45;;0;;1;131;ean13;standard;1 BLUSA ESTAMPA 8;20
1156;280103600408;ZN408;8;50;;0;;1;82;ean13;standard;1 BLUSA ESTAMPA 8;20
1157;230103600409;ZN409;8;45;;0;;1;122;ean13;standard;1 BLUSA ESTAMPA 8;20
1158;460853600041;ZN41;8;30;;0;;1;118;ean13;standard;2 VESTIDO GUIPIR 8;20
1159;245103600410;ZN410;7;45;;0;;1;48;ean13;standard;1 BLUSA ESTAMPA 7;20
1160;265103600411;ZN411;8;50;;0;;1;48;ean13;standard;1 BLUSA ESTAMPA 8;20
1161;270103600412;ZN412;7;50;;0;;1;48;ean13;standard;1 BLUSA LISA 7;20
1162;460113600414;ZN414;8;90;;0;;1;5;ean13;standard;1 VESTIDO ESTAMPA 8;20
1163;390103600415;ZN415;8;85;;0;;1;35;ean13;standard;1 VESTIDO 8;20
1164;250103600417;ZN417;7;50;;0;;1;93;ean13;standard;1 BLUSA  7;20
1165;240103600418;ZN418;7;45;;0;;1;70;ean13;standard;1 BLUSA  7;20
1166;230103600419;ZN419;7;45;;0;;1;113;ean13;standard;1 BLUSA  7;20
1167;460853600042;ZN42;8;30;;0;;1;16;ean13;standard;2 VESTIDO GUIPIR 8;20
1168;290103600420;ZN420;7;50;;0;;1;154;ean13;standard;1 BLUSA ESTAMPA 7;20
1169;275103600421;ZN421;8;50;;0;;1;140;ean13;standard;1 BLUSA ESTAMPA 8;20
1170;280103600422;ZN422;7;50;;0;;1;122;ean13;standard;1 BLUSA LISA  7;20
1171;260113600424;ZN424;7;50;;0;;1;182;ean13;standard;1 BLUSA LISA 7;20
1172;230103600426;ZN426;8;45;;0;;1;41;ean13;standard;1 BLUSA ESTAMPA 8;20
1173;230103600428;ZN428;8;50;;0;;1;41;ean13;standard;1 BLUSA MANGA LONGA 8;20
1174;460853600043;ZN43;8;30;;0;;1;15;ean13;standard;2 VESTIDO GUIPIR 8;20
1175;420113600430;ZN430;8;85;;0;;1;9;ean13;standard;1 VESTIDO ESTAMPA 8;20
1176;270113600432;ZN432;7;50;;0;;1;130;ean13;standard;1 BLUSA LISA 7;20
1177;405103600434;ZN434;7;80;;0;;1;96;ean13;standard;1 VESTIDO ESTAMPA 7;20
1178;280103600435;ZN435;7;50;;0;;1;36;ean13;standard;1 BLUSA LISA 7;20
1179;280103600436;ZN436;8;50;;0;;1;13;ean13;standard;1 BLUSA ESTAMPA 8;20
1180;220103600437;ZN437;8;50;;0;;1;13;ean13;standard;1 BLUSA ESTAMPA 8;20
1181;275103600438;ZN438;7;50;;0;;1;13;ean13;standard;1 BLUSA LISA 7;20
1182;230103600439;ZN439;8;45;;0;;1;32;ean13;standard;1 BLUSA ESTAMPA 8;20
1183;280103600440;ZN440;8;50;;0;;1;44;ean13;standard;1 BLUSA ESTAMPA 8;20
1184;230103600441;ZN441;8;45;;0;;1;115;ean13;standard;1 BLUSA ESTAMPA 8;20
1185;190113600442;ZN442;7;50;;0;;1;132;ean13;standard;1 BLUSA ESTAMPA 7;20
1186;195113600443;ZN443;7;50;;0;;1;136;ean13;standard;1 BLUSA ESTAMPA 7;20
1187;270113600444;ZN444;7;50;;0;;1;116;ean13;standard;1 BLUSA ESTAMPA 7;20
1188;420113600445;ZN445;8;85;;0;;1;116;ean13;standard;1 VESTIDO MANGA LONGA 8;20
1189;290113600446;ZN446;8;50;;0;;1;116;ean13;standard;1 BLUSA LISA 8;20
1190;290113600447;ZN447;8;55;;0;;1;116;ean13;standard;1 BLUSA MANGA LONGA 8;20
1191;270113600448;ZN448;7;50;;0;;1;116;ean13;standard;1 BLUSA MANGA LONGA 7;20
1192;280113600449;ZN449;7;50;;0;;1;116;ean13;standard;1 BLUSA MANGA LONGA 7;20
1193;290113600453;ZN453;8;50;;0;;1;48;ean13;standard;1 BLUSA LISA 8;20
1194;300113600454;ZN454;8;50;;0;;1;17;ean13;standard;1 BLUSA LISA 8;20
1195;285113600455;ZN455;8;50;;0;;1;125;ean13;standard;1 BLUSA ESTAMPA 8;20
1196;280113600456;ZN456;8;50;;0;;1;20;ean13;standard;1 BLUSA 8;20
1197;290113600457;ZN457;7;55;;0;;1;20;ean13;standard;1 BLUSA LISA 7;20
1198;285113600459;ZN459;8;50;;0;;1;109;ean13;standard;1 BLUSA ESTAMPA 8;20
1199;460853600046;ZN46;8;35;;0;;1;18;ean13;standard;2 VESTIDO BORDADO 8;20
1200;290113600460;ZN460;8;50;;0;;1;118;ean13;standard;1 BLUSA LISA 8;20
1201;440113600463;ZN463;8;90;;0;;1;5;ean13;standard;1 VESTIDO ESTAMPA 8;20
1202;280113600464;ZN464;7;50;;0;;1;2;ean13;standard;1 BLUSA LISA 7;20
1203;290113600465;ZN465;7;50;;0;;1;3;ean13;standard;1 BLUSA LISA 7;20
1204;190113600466;ZN466;7;45;;0;;1;174;ean13;standard;1 BLUSA 7;20
1205;280113600467;ZN467;7;50;;0;;1;59;ean13;standard;1 BLUSA LISA 7;20
1206;290113600468;ZN468;8;50;;0;;1;59;ean13;standard;1 BLUSA MANGA LONGA 8;20
1207;230113600469;ZN469;7;45;;0;;1;63;ean13;standard;1 BLUSA 7;20
1208;460853600047;ZN47;8;35;;0;;1;60;ean13;standard;2 VESTIDO BORDADO 8;20
1209;215113600471;ZN471;7;45;;0;;1;325;ean13;standard;1 BLUSA ESTAMPA 7;20
1210;220113600473;ZN473;8;45;;0;;1;325;ean13;standard;1 BLUSA MANGA LONGA 8;20
1211;430113600474;ZN474;8;85;;0;;1;53;ean13;standard;1 VESTIDO ESTAMPA 8;20
1212;460113600475;ZN475;7;85;;0;;1;51;ean13;standard;1 VESTIDO ESTAMPA 7;20
1213;285113600476;ZN476;7;50;;0;;1;51;ean13;standard;1 BLUSA MANGA LONGA 7;20
1214;260113600477;ZN477;7;50;;0;;1;51;ean13;standard;1 BLUSA LISA 7;20
1215;260113600478;ZN478;7;50;;0;;1;145;ean13;standard;1 BLUSA LISA 7;20
1216;300113600479;ZN479;8;50;;0;;1;145;ean13;standard;1 BLUSA MANGA LONGA 8;20
1217;480853600048;ZN48;8;30;;0;;1;63;ean13;standard;2 VESTIDO GUIPIR 8;20
1218;290113600480;ZN480;7;50;;0;;1;63;ean13;standard;1 BLUSA LISA 7;20
1219;305113600481;ZN481;7;50;;0;;1;78;ean13;standard;1 BLUSA LISA 7;20
1220;290113600482;ZN482;7;50;;0;;1;82;ean13;standard;1 BLUSA LISA 7;20
1221;260113600483;ZN483;7;50;;0;;1;82;ean13;standard;1 BLUSA MANGA LONGA 7;20
1222;270113600484;ZN484;7;50;;0;;1;48;ean13;standard;1 BLUSA LISA 7;20
1223;410123600486;ZN486;7;85;;0;;1;37;ean13;standard;1 VESTIDO LISO 7;20
1224;290123600487;ZN487;7;50;;0;;1;37;ean13;standard;1 BLUSA MANGA LONGA 7;20
1225;300123600488;ZN488;8;50;;0;;1;37;ean13;standard;1 BLUSA ESTAMPADA 8;20
1226;450853600049;ZN49;8;30;;0;;1;6;ean13;standard;2 VESTIDO GUIPIR 8;20
1227;270113600490;ZN490;7;50;;0;;1;57;ean13;standard;1 BLUSA ESTAMPA 7;20
1228;280113600492;ZN492;7;50;;0;;1;57;ean13;standard;1 BLUSA LISA 7;20
1229;280113600493;ZN493;7;50;;0;;1;57;ean13;standard;1 BLUSA LISA 7;20
1230;385123600494;ZN494;7;75;;0;;1;57;ean13;standard;1 VESTIDO ESTAMPADO 7;20
1231;250113600495;ZN495;7;50;;0;;1;57;ean13;standard;1 BLUSA MANGA LONGA 7;20
1232;250113600496;ZN496;7;50;;0;;1;57;ean13;standard;1 BLUSA LISA 7;20
1233;255113600497;ZN497;8;50;;0;;1;21;ean13;standard;1 BLUSA LISA 8;20
1234;200113600498;ZN498;7;45;;0;;1;182;ean13;standard;1 BLUSA 7;20
1235;290113600499;ZN499;7;50;;0;;1;182;ean13;standard;1 BLUSA LISA 7;20
1236;460853600050;ZN50;8;35;;0;;1;1;ean13;standard;2 VESTIDO BORDADO 8;20
1237;290113600500;ZN500;8;50;;0;;1;1;ean13;standard;1 BLUSA ESTAMPADA 8;20
1238;400123600501;ZN501;8;90;;0;;1;1;ean13;standard;1 VESTIDO LISO 8;20
1239;290123600502;ZN502;7;50;;0;;1;1;ean13;standard;1 BLUSA LISA 7;20
1240;270123600503;ZN503;7;50;;0;;1;1;ean13;standard;1 BLUSA LISA 7;20
1241;380123600504;ZN504;8;80;;0;;1;1;ean13;standard;1 VESTIDO ESTAMPADO 8;20
1242;260123600505;ZN505;7;50;;0;;1;1;ean13;standard;1 BLUSA LISA 7;20
1243;275013600506;ZN506;7;50;;0;;1;1;ean13;standard;1 BLUSA LISA 7;20
1244;460093600051;ZN51;8;35;;0;;1;1;ean13;standard;2 VESTIDO GUIPIR 8;20
1245;460083600052;ZN52;8;30;;0;;1;23;ean13;standard;2 VESTIDO GUIPIR 8;20
1246;402053600521;ZN521;8;60;;0;;1;10;ean13;standard;2 VESTIDO ESTAMPADO ALÇA FINA 8;20
1247;225063600524;ZN524;8;40;;0;;1;15;ean13;standard;2 BLUSA LISA CIGANINHA 8;20
1248;220063600525;ZN525;8;40;;0;;1;4;ean13;standard;2 BLUSA LISA OMBRO VAZADO MANGA CURTA 8;20
1249;206063600526;ZN526;7;40;;0;;1;4;ean13;standard;2 BLUSA CORTE V MANGA CURTA FLARE 7;20
1250;322063600527;ZN527;8;65;;0;;1;10;ean13;standard;2 VESTIDO LISO OMBRO A OMBRO 8;20
1251;460083600053;ZN53;8;30;;0;;1;13;ean13;standard;2 VESTIDO GUIPIR 8;20
1252;171063600530;ZN530;7;30;;0;;1;20;ean13;standard;2 BLUSA LISA MANGA CURTA BOTOES PEROLA 7;20
1253;165063600531;ZN531;7;25;;0;;1;34;ean13;standard;2 BLUSA LISA REGATA 7;20
1254;172063600533;ZN533;7;20;;0;;1;52;ean13;standard;2 BLUSA LISA REGATA 7;20
1255;270063600534;ZN534;7;40;;0;;1;66;ean13;standard;2 VESTIDO ALCINHA 7;20
1256;295063600536;ZN536;7;60;;0;;1;6;ean13;standard;2 MACAQUINHO LISO ALÇA FINA DUPLA 7;20
1257;230063600542;ZN542;8;30;;0;;1;74;ean13;standard;2 BLUSA OMBRO VAZADO 8;20
1258;210063600544;ZN544;8;35;;0;;1;58;ean13;standard;2 BLUSA DECOTE V DETALHE COM NÓ 8;20
1259;330063600559;ZN559;7;65;;0;;1;16;ean13;standard;2 VESTIDO LISO 7;20
1260;460083600056;ZN56;8;30;;0;;1;7;ean13;standard;2 VESTIDO GUIPIR 8;20
1261;224063600564;ZN564;8;30;;0;;1;82;ean13;standard;2 BLUSA LISA MANGA CURTA 8;20
1262;232063600566;ZN566;8;40;;0;;1;54;ean13;standard;2 BLUSA LISA MANGA CURTA 8;20
1263;460083600057;ZN57;8;30;;0;;1;174;ean13;standard;2 VESTIDO GUIPIR 8;20
1264;357073600572;ZN572;8;75;;0;;1;24;ean13;standard;2 VESTIDO LISO ALÇA DUPLA 8;20
1265;390073600573;ZN573;8;75;;0;;1;30;ean13;standard;2 VESTIDO LISO 8;20
1266;196073600574;ZN574;8;35;;0;;1;92;ean13;standard;2 BLUSA LISA OMBRO VAZADO 8;20
1267;232073600575;ZN575;8;30;;0;;1;70;ean13;standard;2 BLUSA LISA OMBRO ALTERNADO 8;20
1268;242073600576;ZN576;8;35;;0;;1;71;ean13;standard;2 BLUSA LISA MANGA CURTA 8;20
1269;460853600058;ZN58;8;35;;0;;1;61;ean13;standard;2 VESTIDO BORDADO 8;20
1270;460853600059;ZN59;8;40;;0;;1;32;ean13;standard;2 VESTIDO BORDADO 8;20
1271;460853600060;ZN60;8;35;;0;;1;14;ean13;standard;2 VESTIDO BORDADO M/C PLUS 8;20
1272;340853600065;ZN65;S;25;;0;;1;1;ean13;standard;VESTIDO ESTAMPADO S/M PLUS;20
1273;460853600066;ZN66;8;30;;0;;1;19;ean13;standard;2 VESTIDO GUIPIR 8;20
1274;460853600067;ZN67;8;30;;0;;1;8;ean13;standard;2 VESTIDO GUIPIR 8;20
1275;460853600068;ZN68;8;30;;0;;1;28;ean13;standard;2 VESTIDO GUIPIR 8;20
1276;460853600069;ZN69;8;30;;0;;1;18;ean13;standard;2 VESTIDO GUIPIR 8;20
1277;470853600070;ZN70;8;30;;0;;1;46;ean13;standard;2 VESTIDO GUIPIR 8;20
1278;460853600071;ZN71;8;30;;0;;1;36;ean13;standard;2 VESTIDO GUIPIR 8;20
1279;460853600072;ZN72;8;30;;0;;1;37;ean13;standard;2 VESTIDO GUIPIR 8;20
1280;470853600073;ZN73;8;30;;0;;1;77;ean13;standard;2 VESTIDO GUIPIR 8;20
1281;460853600075;ZN75;8;30;;0;;1;38;ean13;standard;2 VESTIDO GUIPIR 8;20
1282;460083600076;ZN76;8;30;;0;;1;20;ean13;standard;2 VESTIDO GUIPIR 8;20
1283;460083600077;ZN77;8;30;;0;;1;25;ean13;standard;2 VESTIDO GUIPIR 8;20
1284;435083600078;ZN78;8;35;;0;;1;20;ean13;standard;2 VESTIDO BORDADO 8;20
1285;460083600079;ZN79;8;35;;0;;1;23;ean13;standard;2 VESTIDO BORDADO  8;20
1286;430063600080;ZN80;8;35;;0;;1;58;ean13;standard;2 VESTIDO BORDADO 8;20
1287;460853600081;ZN81;8;35;;0;;1;51;ean13;standard;2 VESTIDO DE RENDA C/M PLUS 8;20
1288;460083600082;ZN82;8;30;;0;;1;52;ean13;standard;2 VESTIDO GUIPIR 8;20
1289;460853600085;ZN85;8;30;;0;;1;52;ean13;standard;2 VESTIDO GUIPIR 8;20
1290;480853600087;ZN87;8;30;;0;;1;2;ean13;standard;2 VESTIDO GUIPIR 8;20
1291;480853600088;ZN88;8;30;;0;;1;11;ean13;standard;2 VESTIDO GUIPIR 8;20
1292;480853600089;ZN89;8;30;;0;;1;30;ean13;standard;2 VESTIDO GUIPIR 8;20
1293;460853600090;ZN90;8;30;;0;;1;45;ean13;standard;2 VESTIDO GUIPIR 8;20
1294;460853600091;ZN91;8;30;;0;;1;15;ean13;standard;2 VESTIDO GUIPIR 8;20
1295;460853600092;ZN92;8;35;;0;;1;33;ean13;standard;2 VESTIDO GUIPIR 8;20
1296;480853600093;ZN93;8;30;;0;;1;77;ean13;standard;2 VESTIDO GUIPIR 8;20
1297;460853600095;ZN95;8;35;;0;;1;7;ean13;standard;2 VESTIDO GUIPIR 8;20
1298;460853600096;ZN96;8;30;;0;;1;65;ean13;standard;2 VESTIDO GUIPIR 8;20
1299;460853600097;ZN97;8;30;;0;;1;29;ean13;standard;2 VESTIDO GUIPIR 8;20
1300;460853600098;ZN98;8;35;;0;;1;62;ean13;standard;2 VESTIDO BORDADO 8;20
1301;460853600099;ZN99;8;35;;0;;1;51;ean13;standard;2 VESTIDO BORDADO 8;20
1302;265108000001;ZP01;7;50;;0;;1;34;ean13;standard;1 BLUSA ESTAMPA 7;20
1303;450854000001;ZQ01;8;35;;0;;1;23;ean13;standard;2 VESTIDO BORDADO 8;20
1304;470853800001;ZY01;8;30;;0;;1;14;ean13;standard;2 VESTIDO GUIPIR 8;20
